nome,model,file,MAE (erro entre a série inteira e a predição de todos os segmentos),RMSE (erro entre a série inteira e a predição de todos os segmentos),complexidade (média dos segmentos),desvio padrão complexidade,tempo,ganho médio de entropia por corte,numero de segmentos
TopDownIndex_25_0_5dias_umidrelmed2m_2017-01-05 _ 2017-01-10.csv,TopDownIndex_25,5dias_umidrelmed2m_2017-01-05 _ 2017-01-10,0.7016903820320177,1.258797731602582,6.984375,10.219454773096997,427.04974728502566,-0.40354150260685706,128
Full_0_15dias_umidrelmed2m_2019-09-10 _ 2019-09-25.csv,full,15dias_umidrelmed2m_2019-09-10 _ 2019-09-25.csv,13.432343952485589,16.018497400199536,16.0,0.0,9.02435040299315,0.0,1
PageHinkley_0_15dias_umidrelmed2m_2019-09-10 _ 2019-09-25.csv,PageHinkley,15dias_umidrelmed2m_2019-09-10 _ 2019-09-25,8.338644116814132,11.045125807908164,26.333333333333332,8.137703743822469,30.295590433001053,-0.020902295376501633,6
TopDownReg_48_50_0_15dias_umidrelmed2m_2019-09-10 _ 2019-09-25.csv,TopDownReg_48_50,15dias_umidrelmed2m_2019-09-10 _ 2019-09-25,3.311964772840218,4.922150173089977,25.384615384615383,5.2262423850655475,62.129146336985286,-0.1375221923526339,13
TopDownIndex_25_0_15dias_umidrelmed2m_2019-09-10 _ 2019-09-25.csv,TopDownIndex_25,15dias_umidrelmed2m_2019-09-10 _ 2019-09-25,0.9626371145539737,1.538643213203683,4.388059701492537,8.498384787501431,978.2323247420136,-0.42057457324943387,268
Full_0_20dias_umidrelmed2m_2021-01-08 _ 2021-03-01.csv,full,20dias_umidrelmed2m_2021-01-08 _ 2021-03-01.csv,6.818362191530116,8.858713463075606,17.0,0.0,17.4190355380415,0.0,1
PageHinkley_0_20dias_umidrelmed2m_2021-01-08 _ 2021-03-01.csv,PageHinkley,20dias_umidrelmed2m_2021-01-08 _ 2021-03-01,2.9860321786424517,4.062658979254887,19.5,8.295868162611347,93.08625476801535,-0.6349667056720232,14
TopDownReg_48_50_0_20dias_umidrelmed2m_2021-01-08 _ 2021-03-01.csv,TopDownReg_48_50,20dias_umidrelmed2m_2021-01-08 _ 2021-03-01,1.954272519674394,2.6651241683281888,22.36842105263158,6.603113510552502,123.90470973495394,-0.15910042389395435,19
TopDownIndex_25_0_20dias_umidrelmed2m_2021-01-08 _ 2021-03-01.csv,TopDownIndex_25,20dias_umidrelmed2m_2021-01-08 _ 2021-03-01,,,6.284424379232505,10.128091872840008,3532.1274321940145,-0.2136887890668241,443
Full_0_15dias_umidrelmed2m_2018-03-24 _ 2018-04-08.csv,full,15dias_umidrelmed2m_2018-03-24 _ 2018-04-08.csv,10.095438006931298,12.223011327524,5.0,0.0,18.349790056003258,0.0,1
PageHinkley_0_15dias_umidrelmed2m_2018-03-24 _ 2018-04-08.csv,PageHinkley,15dias_umidrelmed2m_2018-03-24 _ 2018-04-08,4.22187483146009,5.831390315687825,21.363636363636363,9.697916620432427,146.6824379899772,-0.3442729503565559,11
TopDownReg_48_50_0_15dias_umidrelmed2m_2018-03-24 _ 2018-04-08.csv,TopDownReg_48_50,15dias_umidrelmed2m_2018-03-24 _ 2018-04-08,2.013508226763763,2.829419006778686,23.333333333333332,5.917957605645905,202.0312713769963,-0.17759492026411236,15
TopDownIndex_25_0_15dias_umidrelmed2m_2018-03-24 _ 2018-04-08.csv,TopDownIndex_25,15dias_umidrelmed2m_2018-03-24 _ 2018-04-08,0.6070619318114228,1.0869744003894033,5.718662952646239,9.810826967636624,5214.728966769995,-0.3212921704217128,359
Full_0_10dias_umidrelmed2m_2016-10-21 _ 2016-11-01.csv,full,10dias_umidrelmed2m_2016-10-21 _ 2016-11-01.csv,10.03639651096596,12.05647458152506,30.0,0.0,22.554766101005953,0.0,1
PageHinkley_0_10dias_umidrelmed2m_2016-10-21 _ 2016-11-01.csv,PageHinkley,10dias_umidrelmed2m_2016-10-21 _ 2016-11-01,6.029251845549192,8.704411373440198,16.833333333333332,6.439893028787219,115.39873839297798,-0.49347091724851744,6
TopDownReg_48_50_0_10dias_umidrelmed2m_2016-10-21 _ 2016-11-01.csv,TopDownReg_48_50,10dias_umidrelmed2m_2016-10-21 _ 2016-11-01,1.3029473378172527,1.9306197893635149,22.53846153846154,6.60553828954723,231.9197652870207,-0.1403440525441388,13
TopDownIndex_25_0_10dias_umidrelmed2m_2016-10-21 _ 2016-11-01.csv,TopDownIndex_25,10dias_umidrelmed2m_2016-10-21 _ 2016-11-01,0.9760179048220702,1.6371879960250124,4.071428571428571,8.19521595968345,3885.71403658099,-0.40339585132419997,210
Full_0_20dias_umidrelmed2m_2018-05-28 _ 2018-06-17.csv,full,20dias_umidrelmed2m_2018-05-28 _ 2018-06-17.csv,10.09457907466365,12.054310300398805,16.0,0.0,54.800163352978416,0.0,1
PageHinkley_0_20dias_umidrelmed2m_2018-05-28 _ 2018-06-17.csv,PageHinkley,20dias_umidrelmed2m_2018-05-28 _ 2018-06-17,3.4312552421032723,4.765689636463072,19.375,8.78119439484174,420.9963934539701,-0.22486037774634607,16
TopDownReg_48_50_0_20dias_umidrelmed2m_2018-05-28 _ 2018-06-17.csv,TopDownReg_48_50,20dias_umidrelmed2m_2018-05-28 _ 2018-06-17,1.4614199433370068,1.9239065353967588,25.08,6.710707861321338,642.9143123339745,-0.10683876634320448,25
Full_0_15dias_umidrelmed2m_2019-06-27 _ 2019-07-12.csv,full,15dias_umidrelmed2m_2019-06-27 _ 2019-07-12.csv,7.25694358043452,9.462832829929829,28.0,0.0,58.12163462000899,0.0,1
PageHinkley_0_15dias_umidrelmed2m_2019-06-27 _ 2019-07-12.csv,PageHinkley,15dias_umidrelmed2m_2019-06-27 _ 2019-07-12,5.445964676341091,7.674028335699362,24.0,7.406560798180411,215.0203402559855,-0.24647214790258323,7
TopDownReg_48_50_0_15dias_umidrelmed2m_2019-06-27 _ 2019-07-12.csv,TopDownReg_48_50,15dias_umidrelmed2m_2019-06-27 _ 2019-07-12,3.1455835215551233,4.594263620467591,23.428571428571427,6.894244864007803,399.708747606026,-0.1295780807481047,14
TopDownIndex_25_0_15dias_umidrelmed2m_2019-06-27 _ 2019-07-12.csv,TopDownIndex_25,15dias_umidrelmed2m_2019-06-27 _ 2019-07-12,0.9536394675401646,1.5453570959791887,5.363970588235294,9.580726461419651,6957.0036059519625,-0.31610365060622736,272
Full_0_10dias_umidrelmed2m_2021-04-11 _ 2021-04-21.csv,full,10dias_umidrelmed2m_2021-04-11 _ 2021-04-21.csv,7.205166352049528,8.893699960363163,18.0,0.0,54.00742158299545,0.0,1
TopDownReg_48_50_0_10dias_umidrelmed2m_2021-04-11 _ 2021-04-21.csv,TopDownReg_48_50,10dias_umidrelmed2m_2021-04-11 _ 2021-04-21,2.5288601470746914,3.4854273927701707,22.333333333333332,5.811865258054231,308.57299728295766,-0.24199972578003442,9
TopDownIndex_25_0_10dias_umidrelmed2m_2021-04-11 _ 2021-04-21.csv,TopDownIndex_25,10dias_umidrelmed2m_2021-04-11 _ 2021-04-21,0.9558733167668556,1.5387302513413594,3.0606060606060606,5.842504175774797,6878.7236598709715,-0.456465043087867,231
Full_0_20dias_umidrelmed2m_2019-08-26 _ 2019-09-15.csv,full,20dias_umidrelmed2m_2019-08-26 _ 2019-09-15.csv,13.388801840494635,16.73914124056354,11.0,0.0,86.72303322603693,0.0,1
TopDownReg_48_50_0_20dias_umidrelmed2m_2019-08-26 _ 2019-09-15.csv,TopDownReg_48_50,20dias_umidrelmed2m_2019-08-26 _ 2019-09-15,2.345106637294539,3.144274234306181,26.27777777777778,6.966631224435807,705.3492919020355,-0.11954959223891229,18
TopDownIndex_25_0_20dias_umidrelmed2m_2019-08-26 _ 2019-09-15.csv,TopDownIndex_25,20dias_umidrelmed2m_2019-08-26 _ 2019-09-15,1.0820700075477452,1.60038284736914,4.380471380471381,7.682243011663871,10232.001023105986,-0.40151418601145045,297
Full_0_15dias_umidrelmed2m_2016-12-16 _ 2016-12-31.csv,full,15dias_umidrelmed2m_2016-12-16 _ 2016-12-31.csv,7.409307970101933,9.186112306879417,15.0,0.0,57.925096346007194,0.0,1
TopDownReg_48_50_0_15dias_umidrelmed2m_2016-12-16 _ 2016-12-31.csv,TopDownReg_48_50,15dias_umidrelmed2m_2016-12-16 _ 2016-12-31,2.3836815224182937,3.0640308185332774,20.733333333333334,5.012872319228657,599.3202458490268,-0.16959768807036874,15
TopDownIndex_25_0_15dias_umidrelmed2m_2016-12-16 _ 2016-12-31.csv,TopDownIndex_25,15dias_umidrelmed2m_2016-12-16 _ 2016-12-31,,,8.146428571428572,11.087798381968518,10879.787290131033,-0.43850160046428827,280
Full_0_10dias_umidrelmed2m_2020-04-23 _ 2020-05-03.csv,full,10dias_umidrelmed2m_2020-04-23 _ 2020-05-03.csv,7.874903544709446,9.404594291879969,8.0,0.0,50.89023492397973,0.0,1
PageHinkley_0_10dias_umidrelmed2m_2020-04-23 _ 2020-05-03.csv,PageHinkley,10dias_umidrelmed2m_2020-04-23 _ 2020-05-03,4.712253674139543,6.835494936831423,20.545454545454547,8.907235428302466,492.0373761529918,-0.28849800354720573,11
TopDownReg_48_50_0_10dias_umidrelmed2m_2020-04-23 _ 2020-05-03.csv,TopDownReg_48_50,10dias_umidrelmed2m_2020-04-23 _ 2020-05-03,2.252020972180136,3.2156131511967,22.384615384615383,7.022364948324434,589.0569765209802,-0.13494147585483832,13
TopDownIndex_25_0_10dias_umidrelmed2m_2020-04-23 _ 2020-05-03.csv,TopDownIndex_25,10dias_umidrelmed2m_2020-04-23 _ 2020-05-03,,,4.873362445414847,8.853323830202555,9927.856536014006,-0.32458739763743155,229
Full_0_20dias_umidrelmed2m_2018-04-18 _ 2018-05-08.csv,full,20dias_umidrelmed2m_2018-04-18 _ 2018-05-08.csv,8.416317909387313,10.31992287105022,12.0,0.0,70.12579594098497,0.0,1
TopDownReg_48_50_0_20dias_umidrelmed2m_2018-04-18 _ 2018-05-08.csv,TopDownReg_48_50,20dias_umidrelmed2m_2018-04-18 _ 2018-05-08,1.8686495592510235,2.4803109259433778,24.454545454545453,5.306319326368177,1101.0345468659652,-0.1188013027058625,22
TopDownIndex_25_0_20dias_umidrelmed2m_2018-04-18 _ 2018-05-08.csv,TopDownIndex_25,20dias_umidrelmed2m_2018-04-18 _ 2018-05-08,0.7290248871711326,1.1865731759112648,3.8780952380952383,7.505451744944579,26027.783148017013,-0.3025620554340864,525
Full_0_15dias_umidrelmed2m_2020-06-07 _ 2020-06-22.csv,full,15dias_umidrelmed2m_2020-06-07 _ 2020-06-22.csv,7.78428900013801,9.298727572271869,18.0,0.0,69.62804994097678,0.0,1
PageHinkley_0_15dias_umidrelmed2m_2020-06-07 _ 2020-06-22.csv,PageHinkley,15dias_umidrelmed2m_2020-06-07 _ 2020-06-22,2.403666962154001,3.3944846183403814,25.647058823529413,4.44497305583825,992.1127243170049,-0.30997671264354193,17
TopDownReg_48_50_0_15dias_umidrelmed2m_2020-06-07 _ 2020-06-22.csv,TopDownReg_48_50,15dias_umidrelmed2m_2020-06-07 _ 2020-06-22,2.711863750004591,3.8043597462589034,22.705882352941178,7.0691101518578945,984.9802888680133,-0.14775034566109235,17
TopDownIndex_25_0_15dias_umidrelmed2m_2020-06-07 _ 2020-06-22.csv,TopDownIndex_25,15dias_umidrelmed2m_2020-06-07 _ 2020-06-22,0.5964037590872395,0.9842706652480466,5.772435897435898,9.54423623704144,17772.07995676098,-0.28186348522255605,312
Full_0_10dias_umidrelmed2m_2016-11-01 _ 2016-11-11.csv,full,10dias_umidrelmed2m_2016-11-01 _ 2016-11-11.csv,14.002562899061394,16.270160699268363,5.0,0.0,71.69278694293462,0.0,1
PageHinkley_0_10dias_umidrelmed2m_2016-11-01 _ 2016-11-11.csv,PageHinkley,10dias_umidrelmed2m_2016-11-01 _ 2016-11-11,5.030848899013074,6.593664622421827,22.6,4.223742416388575,327.35819772304967,-0.46290087479994,5
TopDownReg_48_50_0_10dias_umidrelmed2m_2016-11-01 _ 2016-11-11.csv,TopDownReg_48_50,10dias_umidrelmed2m_2016-11-01 _ 2016-11-11,3.0161618249832403,4.337775041083174,19.916666666666668,5.468978169843267,762.5701825629221,-0.1773459126413769,12
TopDownIndex_25_0_10dias_umidrelmed2m_2016-11-01 _ 2016-11-11.csv,TopDownIndex_25,10dias_umidrelmed2m_2016-11-01 _ 2016-11-11,0.9682399812096452,1.6093539327598803,3.8853754940711465,6.562462388923823,15511.114896530984,-0.44835377695384343,253
Full_0_20dias_umidrelmed2m_2020-08-20 _ 2020-09-09.csv,full,20dias_umidrelmed2m_2020-08-20 _ 2020-09-09.csv,15.537214203029672,18.40768753138876,5.0,0.0,81.085722329095,0.0,1
TopDownReg_48_50_0_20dias_umidrelmed2m_2020-08-20 _ 2020-09-09.csv,TopDownReg_48_50,20dias_umidrelmed2m_2020-08-20 _ 2020-09-09,1.9644218704463663,2.6941976721855605,23.454545454545453,7.499862257688306,1505.5478725179564,-0.07903474767474056,22
TopDownIndex_25_0_20dias_umidrelmed2m_2020-08-20 _ 2020-09-09.csv,TopDownIndex_25,20dias_umidrelmed2m_2020-08-20 _ 2020-09-09,0.9589092278885628,1.6008133969769898,3.8663883089770357,7.115135569971243,32254.419753985014,-0.3574653296788498,479
Full_0_15dias_umidrelmed2m_2015-12-31 _ 2016-01-15.csv,full,15dias_umidrelmed2m_2015-12-31 _ 2016-01-15.csv,6.229061549064101,7.996597164374645,10.0,0.0,88.65553294005804,0.0,1
PageHinkley_0_15dias_umidrelmed2m_2015-12-31 _ 2016-01-15.csv,PageHinkley,15dias_umidrelmed2m_2015-12-31 _ 2016-01-15,2.2458598459751324,3.107475639394379,25.9,7.475961476626267,766.0293551420327,-0.32383106158383923,10
TopDownReg_48_50_0_15dias_umidrelmed2m_2015-12-31 _ 2016-01-15.csv,TopDownReg_48_50,15dias_umidrelmed2m_2015-12-31 _ 2016-01-15,1.3958439051766522,1.9036179613692754,24.466666666666665,6.3756481152027895,1148.6088330970379,-0.1416694095653718,15
Full_0_10dias_umidrelmed2m_2015-12-21 _ 2015-12-31.csv,full,10dias_umidrelmed2m_2015-12-21 _ 2015-12-31.csv,5.054041095966667,6.716791270261797,24.0,0.0,88.87371646007523,0.0,1
TopDownReg_48_50_0_10dias_umidrelmed2m_2015-12-21 _ 2015-12-31.csv,TopDownReg_48_50,10dias_umidrelmed2m_2015-12-21 _ 2015-12-31,1.6567081939352717,2.3022167304542367,22.5,7.342796923970229,948.8438695659861,-0.23122196382673213,12
TopDownIndex_25_0_10dias_umidrelmed2m_2015-12-21 _ 2015-12-31.csv,TopDownIndex_25,10dias_umidrelmed2m_2015-12-21 _ 2015-12-31,0.37053474461704194,0.6947983467393971,7.727678571428571,11.631313261295904,17215.987114007003,-0.25704686255092873,224
Full_0_20dias_umidrelmed2m_2021-05-20 _ 2021-06-09.csv,full,20dias_umidrelmed2m_2021-05-20 _ 2021-06-09.csv,11.34258468872421,15.059736517778546,16.0,0.0,103.6412506600609,0.0,1
PageHinkley_0_20dias_umidrelmed2m_2021-05-20 _ 2021-06-09.csv,PageHinkley,20dias_umidrelmed2m_2021-05-20 _ 2021-06-09,8.019979698139396,11.136583009030558,22.333333333333332,5.41602560309064,757.6449274730403,0.7283380974595703,9
TopDownReg_48_50_0_20dias_umidrelmed2m_2021-05-20 _ 2021-06-09.csv,TopDownReg_48_50,20dias_umidrelmed2m_2021-05-20 _ 2021-06-09,6.107854889644983,8.32750223228612,24.666666666666668,7.156970184527963,517.6344163450412,-0.18677725795393033,6
TopDownIndex_25_0_20dias_umidrelmed2m_2021-05-20 _ 2021-06-09.csv,TopDownIndex_25,20dias_umidrelmed2m_2021-05-20 _ 2021-06-09,0.8781945149402631,1.3529246677746147,6.761437908496732,10.000585761818055,24929.31404663599,-0.21070925855055056,306
Full_0_15dias_umidrelmed2m_2016-03-15 _ 2016-03-30.csv,full,15dias_umidrelmed2m_2016-03-15 _ 2016-03-30.csv,12.200982452935547,14.818089801599948,11.0,0.0,97.82225776906125,0.0,1
PageHinkley_0_15dias_umidrelmed2m_2016-03-15 _ 2016-03-30.csv,PageHinkley,15dias_umidrelmed2m_2016-03-15 _ 2016-03-30,3.8349346947457064,5.567397503402262,22.454545454545453,4.63903666260839,980.482579078991,-0.961514267014677,11
TopDownReg_48_50_0_15dias_umidrelmed2m_2016-03-15 _ 2016-03-30.csv,TopDownReg_48_50,15dias_umidrelmed2m_2016-03-15 _ 2016-03-30,2.5559689265122914,3.384741472889357,23.53846153846154,6.743833475170365,1153.6095942310058,-0.11781656566125827,13
TopDownIndex_25_0_15dias_umidrelmed2m_2016-03-15 _ 2016-03-30.csv,TopDownIndex_25,15dias_umidrelmed2m_2016-03-15 _ 2016-03-30,0.9336384153853159,1.522974290177779,4.011661807580175,8.053022783750007,29276.633263327065,-0.37480270570420676,343
Full_0_10dias_umidrelmed2m_2018-03-30 _ 2018-04-09.csv,full,10dias_umidrelmed2m_2018-03-30 _ 2018-04-09.csv,8.202898738643054,9.859568582767833,16.0,0.0,95.58724725607317,0.0,1
PageHinkley_0_10dias_umidrelmed2m_2018-03-30 _ 2018-04-09.csv,PageHinkley,10dias_umidrelmed2m_2018-03-30 _ 2018-04-09,,,26.0,4.516635916254486,449.5178507330129,-0.10216778948298944,5
TopDownReg_48_50_0_10dias_umidrelmed2m_2018-03-30 _ 2018-04-09.csv,TopDownReg_48_50,10dias_umidrelmed2m_2018-03-30 _ 2018-04-09,2.8421633324902222,3.8162547396886075,24.0,7.05691150575094,887.7519857089501,-0.16071012113629612,10
TopDownIndex_25_0_10dias_umidrelmed2m_2018-03-30 _ 2018-04-09.csv,TopDownIndex_25,10dias_umidrelmed2m_2018-03-30 _ 2018-04-09,0.5888028088718457,1.0694104483541642,6.199203187250996,10.516926186718354,22990.924526146962,-0.3295601713675917,251
Full_0_20dias_umidrelmed2m_2016-04-19 _ 2016-05-09.csv,full,20dias_umidrelmed2m_2016-04-19 _ 2016-05-09.csv,10.919510251151472,13.8061496495319,11.0,0.0,133.67758403799962,0.0,1
TopDownReg_48_50_0_20dias_umidrelmed2m_2016-04-19 _ 2016-05-09.csv,TopDownReg_48_50,20dias_umidrelmed2m_2016-04-19 _ 2016-05-09,2.0834688905479686,2.76765044027934,23.6,6.9397406291589885,2468.310822783038,-0.12094742645922352,25
TopDownIndex_25_0_20dias_umidrelmed2m_2016-04-19 _ 2016-05-09.csv,TopDownIndex_25,20dias_umidrelmed2m_2016-04-19 _ 2016-05-09,1.2187825212365033,1.848538886251474,5.066246056782334,8.881201362593131,30625.957349164994,-0.3775049997197082,317
Full_0_15dias_umidrelmed2m_2020-08-21 _ 2020-09-05.csv,full,15dias_umidrelmed2m_2020-08-21 _ 2020-09-05.csv,15.035032398655018,17.835079884374057,4.0,0.0,125.2562526440015,0.0,1
PageHinkley_0_15dias_umidrelmed2m_2020-08-21 _ 2020-09-05.csv,PageHinkley,15dias_umidrelmed2m_2020-08-21 _ 2020-09-05,4.489667644425357,6.3950330698259785,23.833333333333332,7.559026980299044,1257.2471309800167,-0.4999155679755809,12
TopDownReg_48_50_0_15dias_umidrelmed2m_2020-08-21 _ 2020-09-05.csv,TopDownReg_48_50,15dias_umidrelmed2m_2020-08-21 _ 2020-09-05,2.2634237668364743,3.028738014530831,27.0625,6.703252475477855,1681.2392854680074,-0.06425929718457511,16
TopDownIndex_25_0_15dias_umidrelmed2m_2020-08-21 _ 2020-09-05.csv,TopDownIndex_25,15dias_umidrelmed2m_2020-08-21 _ 2020-09-05,0.844414023252191,1.3842513272387424,3.5400516795865635,7.001315712261201,39624.236082204035,-0.33709227558892446,387
Full_0_10dias_umidrelmed2m_2021-10-08 _ 2021-10-18.csv,full,10dias_umidrelmed2m_2021-10-08 _ 2021-10-18.csv,10.567043286453318,13.584147121160767,9.0,0.0,119.04734664200805,0.0,1
PageHinkley_0_10dias_umidrelmed2m_2021-10-08 _ 2021-10-18.csv,PageHinkley,10dias_umidrelmed2m_2021-10-08 _ 2021-10-18,4.426582808860788,5.914608733704014,26.833333333333332,4.6696419087073,676.2543393929955,-0.6629952830455246,6
TopDownReg_48_50_0_10dias_umidrelmed2m_2021-10-08 _ 2021-10-18.csv,TopDownReg_48_50,10dias_umidrelmed2m_2021-10-08 _ 2021-10-18,2.2252529121107347,3.111276811629156,23.636363636363637,7.737426483982987,1214.914235824952,-0.14636597319478145,11
TopDownIndex_25_0_10dias_umidrelmed2m_2021-10-08 _ 2021-10-18.csv,TopDownIndex_25,10dias_umidrelmed2m_2021-10-08 _ 2021-10-18,0.79010214775715,1.2821385115179644,4.274881516587678,8.412374340670597,22747.820032484946,-0.30442077270034784,211
Full_0_20dias_umidrelmed2m_2018-06-17 _ 2018-07-07.csv,full,20dias_umidrelmed2m_2018-06-17 _ 2018-07-07.csv,10.955095437789216,13.439224634044422,6.0,0.0,154.60876997793093,0.0,1
PageHinkley_0_20dias_umidrelmed2m_2018-06-17 _ 2018-07-07.csv,PageHinkley,20dias_umidrelmed2m_2018-06-17 _ 2018-07-07,4.726180516757324,6.222604202241845,19.75,5.987834889729898,1385.2831488669617,-0.7502528913207385,12
TopDownReg_48_50_0_20dias_umidrelmed2m_2018-06-17 _ 2018-07-07.csv,TopDownReg_48_50,20dias_umidrelmed2m_2018-06-17 _ 2018-07-07,1.8834370889485164,2.5706193678873444,21.23076923076923,6.283725574895177,2990.011679557967,-0.15119024551695145,26
TopDownIndex_25_0_20dias_umidrelmed2m_2018-06-17 _ 2018-07-07.csv,TopDownIndex_25,20dias_umidrelmed2m_2018-06-17 _ 2018-07-07,0.9864605174732323,1.5636416291079687,4.727506426735219,8.543419374273657,44009.23676557606,-0.33266841286255966,389
Full_0_15dias_umidrelmed2m_2021-05-20 _ 2021-06-04.csv,full,15dias_umidrelmed2m_2021-05-20 _ 2021-06-04.csv,10.888562564629897,13.560567044042838,9.0,0.0,136.47070741502102,0.0,1
PageHinkley_0_15dias_umidrelmed2m_2021-05-20 _ 2021-06-04.csv,PageHinkley,15dias_umidrelmed2m_2021-05-20 _ 2021-06-04,10.361195493482422,13.371116819614684,21.5,0.5,254.95976611995138,0.0,2
TopDownReg_48_50_0_15dias_umidrelmed2m_2021-05-20 _ 2021-06-04.csv,TopDownReg_48_50,15dias_umidrelmed2m_2021-05-20 _ 2021-06-04,5.098825696949264,6.744670389036905,23.833333333333332,8.394773506308685,747.0185460509965,-0.27459156411061836,6
TopDownIndex_25_0_15dias_umidrelmed2m_2021-05-20 _ 2021-06-04.csv,TopDownIndex_25,15dias_umidrelmed2m_2021-05-20 _ 2021-06-04,0.9517733821551092,1.5167179106929631,6.319444444444445,9.414566711114468,25678.52363318496,-0.35152487015560596,216
Full_0_10dias_umidrelmed2m_2019-12-15 _ 2019-12-25.csv,full,10dias_umidrelmed2m_2019-12-15 _ 2019-12-25.csv,5.623551372648754,7.55779593521565,20.0,0.0,133.8126513500465,0.0,1
PageHinkley_0_10dias_umidrelmed2m_2019-12-15 _ 2019-12-25.csv,PageHinkley,10dias_umidrelmed2m_2019-12-15 _ 2019-12-25,3.627403975386861,4.986996362897028,21.666666666666668,4.8876260995383936,761.969024577993,-0.11874312115873513,6
TopDownReg_48_50_0_10dias_umidrelmed2m_2019-12-15 _ 2019-12-25.csv,TopDownReg_48_50,10dias_umidrelmed2m_2019-12-15 _ 2019-12-25,2.1613814693745708,2.871205597963426,24.0,6.338913012640115,1387.5414828349603,-0.1512466396799487,11
Full_0_20dias_umidrelmed2m_2019-04-15 _ 2019-05-15.csv,full,20dias_umidrelmed2m_2019-04-15 _ 2019-05-15.csv,11.389019883637038,13.518302734421143,5.0,0.0,148.90969267499167,0.0,1
TopDownReg_48_50_0_20dias_umidrelmed2m_2019-04-15 _ 2019-05-15.csv,TopDownReg_48_50,20dias_umidrelmed2m_2019-04-15 _ 2019-05-15,2.0006827372684275,2.845409057516361,22.75,8.037671719264646,3083.598335405928,-0.21546520200969818,24
Full_0_15dias_umidrelmed2m_2017-03-16 _ 2017-03-31.csv,full,15dias_umidrelmed2m_2017-03-16 _ 2017-03-31.csv,12.193495166551067,14.268581383042122,7.0,0.0,151.56784211297054,0.0,1
PageHinkley_0_15dias_umidrelmed2m_2017-03-16 _ 2017-03-31.csv,PageHinkley,15dias_umidrelmed2m_2017-03-16 _ 2017-03-31,4.4477552402906815,6.281766935621857,19.071428571428573,9.043263362575368,1865.0931863629958,-0.7187275207892448,14
TopDownReg_48_50_0_15dias_umidrelmed2m_2017-03-16 _ 2017-03-31.csv,TopDownReg_48_50,15dias_umidrelmed2m_2017-03-16 _ 2017-03-31,1.6135576563241014,2.318619511306528,23.736842105263158,6.222557481184742,2554.9284350030357,-0.07538548410669657,19
Full_0_10dias_umidrelmed2m_2018-02-28 _ 2018-03-10.csv,full,10dias_umidrelmed2m_2018-02-28 _ 2018-03-10.csv,7.411528330261481,9.22239529868295,12.0,0.0,150.01849885098636,0.0,1
PageHinkley_0_10dias_umidrelmed2m_2018-02-28 _ 2018-03-10.csv,PageHinkley,10dias_umidrelmed2m_2018-02-28 _ 2018-03-10,4.690272383391132,6.000860400175119,25.0,5.1478150704935,1109.6500994419912,-0.6160890787268765,8
TopDownReg_48_50_0_10dias_umidrelmed2m_2018-02-28 _ 2018-03-10.csv,TopDownReg_48_50,10dias_umidrelmed2m_2018-02-28 _ 2018-03-10,2.5531884988823745,3.4349821895293435,22.333333333333332,6.195876765147036,1673.9727506530471,-0.2190258510826598,12
TopDownIndex_25_0_10dias_umidrelmed2m_2018-02-28 _ 2018-03-10.csv,TopDownIndex_25,10dias_umidrelmed2m_2018-02-28 _ 2018-03-10,,,6.488095238095238,10.21144787973055,34520.89839340502,-0.3685993792825416,252
Full_0_20dias_umidrelmed2m_2018-03-29 _ 2018-04-18.csv,full,20dias_umidrelmed2m_2018-03-29 _ 2018-04-18.csv,10.326789955087975,12.333092863300648,5.0,0.0,173.78202797588892,0.0,1
PageHinkley_0_20dias_umidrelmed2m_2018-03-29 _ 2018-04-18.csv,PageHinkley,20dias_umidrelmed2m_2018-03-29 _ 2018-04-18,3.0032120813673746,4.163279161085277,22.4375,7.499739578812053,2392.7330977130914,-0.6288566552902729,16
TopDownReg_48_50_0_20dias_umidrelmed2m_2018-03-29 _ 2018-04-18.csv,TopDownReg_48_50,20dias_umidrelmed2m_2018-03-29 _ 2018-04-18,2.4015900946680975,3.3856792091872214,24.473684210526315,4.499923052589275,2820.955040428089,-0.06527325821881148,19
TopDownIndex_25_0_20dias_umidrelmed2m_2018-03-29 _ 2018-04-18.csv,TopDownIndex_25,20dias_umidrelmed2m_2018-03-29 _ 2018-04-18,,,4.419291338582677,8.335684950397729,73945.62897764193,-0.2853569117901456,508
Full_0_15dias_umidrelmed2m_2019-07-12 _ 2019-07-27.csv,full,15dias_umidrelmed2m_2019-07-12 _ 2019-07-27.csv,9.60636392784751,12.176122645594816,14.0,0.0,170.95774043397978,0.0,1
PageHinkley_0_15dias_umidrelmed2m_2019-07-12 _ 2019-07-27.csv,PageHinkley,15dias_umidrelmed2m_2019-07-12 _ 2019-07-27,5.6930434246077954,7.70868334632778,25.333333333333332,7.71722460186015,1399.1886497419327,-0.5150025991545657,9
TopDownReg_48_50_0_15dias_umidrelmed2m_2019-07-12 _ 2019-07-27.csv,TopDownReg_48_50,15dias_umidrelmed2m_2019-07-12 _ 2019-07-27,1.7627448912741097,2.4015306948507127,21.541666666666668,8.760608648312564,3741.857658185065,-0.07400214076646475,24
TopDownReg_48_50_0_5dias_umidrelmed2m_2016-09-07 _ 2016-09-12.csv,TopDownReg_48_50,5dias_umidrelmed2m_2016-09-07 _ 2016-09-12,1.9699617324983205,2.6483840915406356,25.0,7.958224257542215,58.96712253999431,-0.1290006509200265,6
TopDownReg_48_50_0_5dias_umidrelmed2m_2020-11-01 _ 2020-11-06.csv,TopDownReg_48_50,5dias_umidrelmed2m_2020-11-01 _ 2020-11-06,1.6212316867398482,2.162794374992686,24.666666666666668,6.209312003399053,72.25955401999818,-0.15518684246666692,6
TopDownReg_48_50_0_5dias_umidrelmed2m_2018-08-02 _ 2018-08-07.csv,TopDownReg_48_50,5dias_umidrelmed2m_2018-08-02 _ 2018-08-07,0.7409673113021841,1.0241360755024562,23.833333333333332,10.745800213209915,90.77004143399245,-0.09909710093909331,6
TopDownReg_48_50_0_5dias_umidrelmed2m_2016-11-06 _ 2016-11-11.csv,TopDownReg_48_50,5dias_umidrelmed2m_2016-11-06 _ 2016-11-11,1.7834245841986704,2.2973700132136674,27.75,7.917543811056558,134.86791659799928,-0.2734009641735448,8
TopDownReg_48_50_0_5dias_umidrelmed2m_2018-10-22 _ 2018-10-27.csv,TopDownReg_48_50,5dias_umidrelmed2m_2018-10-22 _ 2018-10-27,1.0444646855731279,1.5163195983371558,26.75,5.673402858955108,81.64865340599499,-0.06154524846670487,4
TopDownReg_48_50_0_5dias_umidrelmed2m_2016-12-01 _ 2016-12-06.csv,TopDownReg_48_50,5dias_umidrelmed2m_2016-12-01 _ 2016-12-06,1.8988520390643149,2.4650947168929096,24.142857142857142,7.434063903575821,148.70705868999357,-0.17771246207774635,7
TopDownReg_48_50_0_5dias_umidrelmed2m_2018-02-18 _ 2018-02-23.csv,TopDownReg_48_50,5dias_umidrelmed2m_2018-02-18 _ 2018-02-23,1.3792828967519979,2.01244306850322,24.5,3.8622100754188224,138.8976314629981,-0.09911031517033415,6
TopDownReg_48_50_0_5dias_umidrelmed2m_2019-07-09 _ 2019-07-14.csv,TopDownReg_48_50,5dias_umidrelmed2m_2019-07-09 _ 2019-07-14,1.9072545323874026,2.553172519010902,29.333333333333332,7.630348761506398,148.70431265298976,-0.1628962726492184,6
TopDownReg_48_50_0_5dias_umidrelmed2m_2017-03-02 _ 2017-03-07.csv,TopDownReg_48_50,5dias_umidrelmed2m_2017-03-02 _ 2017-03-07,5.0098819845353555,6.403623733670118,19.0,0.816496580927726,87.75842801800172,1.638202756389058,3
TopDownReg_48_50_0_5dias_umidrelmed2m_2017-08-05 _ 2017-08-10.csv,TopDownReg_48_50,5dias_umidrelmed2m_2017-08-05 _ 2017-08-10,2.2196262739067496,2.9229414551783286,27.2,3.9698866482558417,140.08394958999997,-0.18603292862739668,5
TopDownReg_48_50_0_5dias_umidrelmed2m_2018-09-02 _ 2018-09-07.csv,TopDownReg_48_50,5dias_umidrelmed2m_2018-09-02 _ 2018-09-07,2.166536896717831,2.9176493013422764,17.166666666666668,8.394773506308685,176.8836891099927,-0.14215306006817677,6
TopDownReg_48_50_0_5dias_umidrelmed2m_2020-06-28 _ 2020-07-03.csv,TopDownReg_48_50,5dias_umidrelmed2m_2020-06-28 _ 2020-07-03,2.2446990248279013,3.0175010433458365,23.5,3.593976442141304,182.12444466000306,-0.22884757927732752,6
TopDownReg_48_50_0_5dias_umidrelmed2m_2019-07-14 _ 2019-07-19.csv,TopDownReg_48_50,5dias_umidrelmed2m_2019-07-14 _ 2019-07-19,2.1690788981557567,2.863714423129114,20.333333333333332,9.374907406950156,194.78840554499766,-0.12906202568902866,6
TopDownReg_48_50_0_5dias_umidrelmed2m_2019-11-01 _ 2019-11-06.csv,TopDownReg_48_50,5dias_umidrelmed2m_2019-11-01 _ 2019-11-06,1.6811724583889363,2.1980633469000446,30.833333333333332,2.4776781245530843,216.41627466701902,-0.18252419807760106,6
TopDownReg_48_50_0_5dias_umidrelmed2m_2016-02-04 _ 2016-02-09.csv,TopDownReg_48_50,5dias_umidrelmed2m_2016-02-04 _ 2016-02-09,2.4908502950064397,3.3851572418706257,23.833333333333332,8.839620404117412,204.39166401699185,-0.027227931145224992,6
TopDownReg_48_50_0_5dias_umidrelmed2m_2018-08-28 _ 2018-09-02.csv,TopDownReg_48_50,5dias_umidrelmed2m_2018-08-28 _ 2018-09-02,2.713291585763728,3.52533734772177,23.4,7.657675887630659,185.97733422002057,-0.13631071373806722,5
TopDownReg_48_50_0_5dias_umidrelmed2m_2021-03-18 _ 2021-03-23.csv,TopDownReg_48_50,5dias_umidrelmed2m_2021-03-18 _ 2021-03-23,1.8217809340812163,2.3945483445349467,28.166666666666668,8.668269082630562,238.57848920900142,-0.1788283455172173,6
TopDownReg_48_50_0_5dias_umidrelmed2m_2018-06-23 _ 2018-06-28.csv,TopDownReg_48_50,5dias_umidrelmed2m_2018-06-23 _ 2018-06-28,2.568868000208393,3.2261925847060375,25.0,8.414273587185052,210.74155938599142,-0.2504104310412081,5
TopDownReg_48_50_0_5dias_umidrelmed2m_2021-01-05 _ 2021-01-10.csv,TopDownReg_48_50,5dias_umidrelmed2m_2021-01-05 _ 2021-01-10,1.7124559956077219,2.3358603763166976,25.833333333333332,4.374801582802229,254.46847789399908,-0.07022477090676608,6
TopDownReg_48_50_0_5dias_umidrelmed2m_2020-06-08 _ 2020-06-13.csv,TopDownReg_48_50,5dias_umidrelmed2m_2020-06-08 _ 2020-06-13,2.469636467744884,3.739957941434387,21.75,9.283722313813572,361.37810838400037,-0.20830886502090276,8
TopDownReg_48_50_0_5dias_umidrelmed2m_2020-01-10 _ 2020-01-15.csv,TopDownReg_48_50,5dias_umidrelmed2m_2020-01-10 _ 2020-01-15,1.4895806109702308,2.070491519352103,23.375,6.872726896945637,380.61173327901633,-0.20665196024451843,8
TopDownReg_48_50_0_5dias_umidrelmed2m_2017-01-05 _ 2017-01-10.csv,TopDownReg_48_50,5dias_umidrelmed2m_2017-01-05 _ 2017-01-10,4.79086386195558,21.722721824203393,20.5,8.616843969807043,23.672803041001316,-0.09260434936554103,6
TopDownReg_48_50_0_5dias_umidrelmed2m_2019-02-19 _ 2019-03-21.csv,TopDownReg_48_50,5dias_umidrelmed2m_2019-02-19 _ 2019-03-21,3.789529672410227,5.139391114859517,19.0,4.123105625617661,43.074520874011796,-0.3824650787087743,6
TopDownReg_48_50_0_5dias_umidrelmed2m_2020-05-29 _ 2020-06-03.csv,TopDownReg_48_50,5dias_umidrelmed2m_2020-05-29 _ 2020-06-03,2.580224829742484,3.312113730566338,23.166666666666668,3.9334745737353156,49.8408716149861,-0.25927865027018215,6
TopDownReg_48_50_0_5dias_umidrelmed2m_2020-04-04 _ 2020-04-09.csv,TopDownReg_48_50,5dias_umidrelmed2m_2020-04-04 _ 2020-04-09,1.8492967604165613,2.445225166594728,27.5,4.232808366400098,56.84224072896177,-0.28895172214973325,6
TopDownReg_48_50_0_5dias_umidrelmed2m_2021-03-08 _ 2021-03-13.csv,TopDownReg_48_50,5dias_umidrelmed2m_2021-03-08 _ 2021-03-13,2.26250909095277,3.107131577200114,22.714285714285715,5.495824017620384,69.0658151669777,-0.22920329737971298,7
TopDownReg_48_50_0_5dias_umidrelmed2m_2020-05-14 _ 2020-05-19.csv,TopDownReg_48_50,5dias_umidrelmed2m_2020-05-14 _ 2020-05-19,2.7931451862534193,3.7608510254092127,27.333333333333332,10.482790129010924,71.03495817596558,-0.2540394399277127,6
TopDownReg_48_50_0_5dias_umidrelmed2m_2016-07-28 _ 2016-08-02.csv,TopDownReg_48_50,5dias_umidrelmed2m_2016-07-28 _ 2016-08-02,inf,inf,22.142857142857142,6.663945022680343,65.5108118809876,-0.13985713198492297,7
TopDownReg_48_50_0_5dias_umidrelmed2m_2017-01-20 _ 2017-01-25.csv,TopDownReg_48_50,5dias_umidrelmed2m_2017-01-20 _ 2017-01-25,1.998611424793864,2.6468611263172597,16.4,3.8781438859330635,52.42871104599908,-0.2516244254205956,5
TopDownReg_48_50_0_5dias_umidrelmed2m_2021-05-07 _ 2021-05-12.csv,TopDownReg_48_50,5dias_umidrelmed2m_2021-05-07 _ 2021-05-12,2.3405227051155904,3.060350009217529,24.6,5.351635264103861,62.05845217598835,-0.1447756679615882,5
TopDownReg_48_50_0_5dias_umidrelmed2m_2018-09-27 _ 2018-10-02.csv,TopDownReg_48_50,5dias_umidrelmed2m_2018-09-27 _ 2018-10-02,1.8651444264892718,2.3440904976422003,25.333333333333332,4.14996653266291,79.82619467499899,-0.17837563504741566,6
TopDownReg_48_50_0_5dias_umidrelmed2m_2017-04-11 _ 2017-04-16.csv,TopDownReg_48_50,5dias_umidrelmed2m_2017-04-11 _ 2017-04-16,1.8900253038833557,2.6135046529891057,26.857142857142858,7.039248568431383,105.32471915497445,-0.13038230092624586,7
TopDownReg_48_50_0_5dias_umidrelmed2m_2018-02-23 _ 2018-02-28.csv,TopDownReg_48_50,5dias_umidrelmed2m_2018-02-23 _ 2018-02-28,2.5387853213357032,3.4806634765554127,21.25,8.584142356694699,137.84486049599946,-0.08682747591927428,8
TopDownReg_48_50_0_5dias_umidrelmed2m_2016-07-13 _ 2016-07-18.csv,TopDownReg_48_50,5dias_umidrelmed2m_2016-07-13 _ 2016-07-18,2.1800462243317638,2.9193531725175745,27.25,3.59687364248454,159.07808809896233,-0.15234271242605857,8
TopDownReg_48_50_0_5dias_umidrelmed2m_2019-05-10 _ 2019-05-17.csv,TopDownReg_48_50,5dias_umidrelmed2m_2019-05-10 _ 2019-05-17,1.1905900985668079,1.6926788102146526,20.5,5.220153254455275,169.57194423303008,-0.2352393946661852,8
TopDownReg_48_50_0_5dias_umidrelmed2m_2018-12-22 _ 2019-01-01.csv,TopDownReg_48_50,5dias_umidrelmed2m_2018-12-22 _ 2019-01-01,2.5195853545828677,3.452435854428259,23.0,8.103497187428813,180.63078842603136,-0.20914559641967623,6
TopDownReg_48_50_0_5dias_umidrelmed2m_2017-01-30 _ 2017-02-04.csv,TopDownReg_48_50,5dias_umidrelmed2m_2017-01-30 _ 2017-02-04,2.572136367979358,3.4272840436698,22.833333333333332,8.591015979239915,202.0562269879738,-0.36648428043814324,6
TopDownReg_48_50_0_5dias_umidrelmed2m_2018-07-13 _ 2018-07-18.csv,TopDownReg_48_50,5dias_umidrelmed2m_2018-07-13 _ 2018-07-18,1.2400139093250053,1.705783460522366,26.875,5.206666399914632,282.3541379950475,-0.09778486599345212,8
TopDownReg_48_50_0_5dias_umidrelmed2m_2015-12-26 _ 2015-12-31.csv,TopDownReg_48_50,5dias_umidrelmed2m_2015-12-26 _ 2015-12-31,1.1056591815263312,1.5545113469829301,21.142857142857142,5.054801717986894,272.26474517199676,-0.14405433021764522,7
TopDownReg_48_50_0_5dias_umidrelmed2m_2019-08-08 _ 2019-08-13.csv,TopDownReg_48_50,5dias_umidrelmed2m_2019-08-08 _ 2019-08-13,2.522100604743214,3.347925217297829,28.833333333333332,5.580223014261069,221.69216734007932,-0.15594000028077065,6
TopDownReg_48_50_0_5dias_umidrelmed2m_2016-09-22 _ 2016-09-27.csv,TopDownReg_48_50,5dias_umidrelmed2m_2016-09-22 _ 2016-09-27,2.0597881082543554,2.7469631483497907,23.857142857142858,8.007649404138009,283.2825186039554,-0.18027221544992597,7
TopDownReg_48_50_0_5dias_umidrelmed2m_2018-04-14 _ 2018-04-19.csv,TopDownReg_48_50,5dias_umidrelmed2m_2018-04-14 _ 2018-04-19,1.1372043610614126,1.4967517870082505,24.5,7.58836829188814,264.1980000890326,-0.05580238755466001,6
TopDownReg_48_50_0_5dias_umidrelmed2m_2016-06-08 _ 2016-06-13.csv,TopDownReg_48_50,5dias_umidrelmed2m_2016-06-08 _ 2016-06-13,2.7124255736812586,3.5229162855643033,20.0,6.708203932499369,270.6387919150293,-0.21380310716003387,6
TopDownReg_48_50_0_5dias_umidrelmed2m_2021-06-16 _ 2021-06-22.csv,TopDownReg_48_50,5dias_umidrelmed2m_2021-06-16 _ 2021-06-22,1.6358199567040885,2.166419807221862,30.5,7.158910531638177,192.47822437493596,-0.19941474912769483,4
TopDownReg_48_50_0_5dias_umidrelmed2m_2020-02-14 _ 2020-02-19.csv,TopDownReg_48_50,5dias_umidrelmed2m_2020-02-14 _ 2020-02-19,2.729256125136132,3.989272215517259,24.833333333333332,6.542595475463507,303.1378795990022,-0.19879808111968017,6
TopDownReg_48_50_0_5dias_umidrelmed2m_2019-12-31 _ 2020-01-05.csv,TopDownReg_48_50,5dias_umidrelmed2m_2019-12-31 _ 2020-01-05,2.097756582982511,2.8279443319726236,25.666666666666668,6.968181653455625,314.06700697902124,-0.18555365468144527,6
TopDownReg_48_50_0_5dias_umidrelmed2m_2021-10-15 _ 2021-10-20.csv,TopDownReg_48_50,5dias_umidrelmed2m_2021-10-15 _ 2021-10-20,1.7148863065707798,2.15138957431565,23.8,4.166533331199932,273.29193427599967,-0.14185227239022088,5
TopDownReg_48_50_0_5dias_umidrelmed2m_2020-03-20 _ 2020-03-25.csv,TopDownReg_48_50,5dias_umidrelmed2m_2020-03-20 _ 2020-03-25,1.3258856221156052,1.8688313902802356,21.714285714285715,7.868822487954521,393.3910673040664,-0.1181331680162821,7
TopDownReg_48_50_0_5dias_umidrelmed2m_2020-12-11 _ 2020-12-16.csv,TopDownReg_48_50,5dias_umidrelmed2m_2020-12-11 _ 2020-12-16,2.622017121814396,3.6047918678381,24.6,6.406246951218788,290.9466170669766,-0.2847980075879048,5
TopDownReg_48_50_0_5dias_umidrelmed2m_2020-03-15 _ 2020-03-20.csv,TopDownReg_48_50,5dias_umidrelmed2m_2020-03-15 _ 2020-03-20,2.066475645771805,2.8138093651366924,24.666666666666668,4.6785562825394,361.78097508102655,-0.3116352643569672,6
TopDownReg_48_50_0_5dias_umidrelmed2m_2017-07-26 _ 2017-07-31.csv,TopDownReg_48_50,5dias_umidrelmed2m_2017-07-26 _ 2017-07-31,1.725377217516463,2.421695782270302,29.857142857142858,5.816935163286381,432.1462580759544,-0.08342179470361492,7
TopDownReg_48_50_0_5dias_umidrelmed2m_2018-09-22 _ 2018-09-27.csv,TopDownReg_48_50,5dias_umidrelmed2m_2018-09-22 _ 2018-09-27,1.9527761992903432,2.7097437064111443,28.428571428571427,6.433331570970116,446.8921429660404,-0.1273450555035379,7
TopDownReg_48_50_0_5dias_umidrelmed2m_2016-09-27 _ 2016-10-02.csv,TopDownReg_48_50,5dias_umidrelmed2m_2016-09-27 _ 2016-10-02,2.3691939287627544,3.098212147059843,23.8,2.7856776554368237,336.99261268391274,-0.05856239375393471,5
TopDownReg_48_50_0_5dias_umidrelmed2m_2019-07-29 _ 2019-08-03.csv,TopDownReg_48_50,5dias_umidrelmed2m_2019-07-29 _ 2019-08-03,2.1082988516654746,2.739958199684611,27.0,5.656854249492381,478.13754636701196,-0.16725323161426534,7
TopDownReg_48_50_0_5dias_umidrelmed2m_2016-06-23 _ 2016-06-28.csv,TopDownReg_48_50,5dias_umidrelmed2m_2016-06-23 _ 2016-06-28,1.3076723084722632,1.8575597127379087,28.714285714285715,7.362342129557215,498.1912044920027,-0.036633922777800865,7
TopDownReg_48_50_0_5dias_umidrelmed2m_2021-07-22 _ 2021-07-27.csv,TopDownReg_48_50,5dias_umidrelmed2m_2021-07-22 _ 2021-07-27,1.5108096659833372,2.127961913726843,25.75,6.740734381356382,578.6199384550564,-0.07413360522872663,8
TopDownReg_48_50_0_5dias_umidrelmed2m_2021-08-31 _ 2021-09-05.csv,TopDownReg_48_50,5dias_umidrelmed2m_2021-08-31 _ 2021-09-05,,,21.4,2.939387691339814,378.0749639569549,-0.1410889046291399,5
TopDownReg_48_50_0_5dias_umidrelmed2m_2020-01-15 _ 2020-01-20.csv,TopDownReg_48_50,5dias_umidrelmed2m_2020-01-15 _ 2020-01-20,2.230312078811771,2.9878176083483416,21.4,3.8262252939417984,391.55215911602136,-0.26828508244535887,5
TopDownReg_48_50_0_5dias_umidrelmed2m_2016-06-13 _ 2016-06-18.csv,TopDownReg_48_50,5dias_umidrelmed2m_2016-06-13 _ 2016-06-18,3.822691392483154,5.359988177472411,26.0,7.9498427657407165,402.5420819129795,-0.13491941223938433,5
TopDownReg_48_50_0_5dias_umidrelmed2m_2021-08-06 _ 2021-08-11.csv,TopDownReg_48_50,5dias_umidrelmed2m_2021-08-06 _ 2021-08-11,1.512767805662375,1.9201055352223697,21.166666666666668,3.6247605284885913,491.1843948540045,-0.06903716756094211,6
PageHinkley_0_5dias_umidrelmed2m_2016-09-07 _ 2016-09-12.csv,PageHinkley,5dias_umidrelmed2m_2016-09-07 _ 2016-09-12,3.4984646336224783,4.752569994533695,23.2,10.342146779078316,48.97394759999588,-0.5039544244051942,5
PageHinkley_0_5dias_umidrelmed2m_2016-11-06 _ 2016-11-11.csv,PageHinkley,5dias_umidrelmed2m_2016-11-06 _ 2016-11-11,4.62606112004421,5.79721668636581,15.5,5.5,38.772581755998544,0.0,2
PageHinkley_0_5dias_umidrelmed2m_2018-10-22 _ 2018-10-27.csv,PageHinkley,5dias_umidrelmed2m_2018-10-22 _ 2018-10-27,8.085874555844992,10.935536000919813,23.0,0.0,26.800893535997602,0.0,1
PageHinkley_0_5dias_umidrelmed2m_2016-12-01 _ 2016-12-06.csv,PageHinkley,5dias_umidrelmed2m_2016-12-01 _ 2016-12-06,7.39710991714659,9.008533114716904,21.0,0.0,27.09545518300729,0.0,1
PageHinkley_0_5dias_umidrelmed2m_2018-02-18 _ 2018-02-23.csv,PageHinkley,5dias_umidrelmed2m_2018-02-18 _ 2018-02-23,9.418762191885865,12.300878872138348,7.0,0.0,27.282718711008783,0.0,1
PageHinkley_0_5dias_umidrelmed2m_2019-07-09 _ 2019-07-14.csv,PageHinkley,5dias_umidrelmed2m_2019-07-09 _ 2019-07-14,4.280696823055608,5.936492394508067,22.0,7.874007874011811,75.8836038330046,-0.2955235880421765,3
PageHinkley_0_5dias_umidrelmed2m_2017-03-02 _ 2017-03-07.csv,PageHinkley,5dias_umidrelmed2m_2017-03-02 _ 2017-03-07,4.671951161755659,7.3361413017230035,18.0,5.887840577551898,84.46254364099877,0.0545902027857712,3
PageHinkley_0_5dias_umidrelmed2m_2017-08-05 _ 2017-08-10.csv,PageHinkley,5dias_umidrelmed2m_2017-08-05 _ 2017-08-10,6.4712043325238335,8.027630254712621,18.0,0.0,35.36653719301103,0.0,1
PageHinkley_0_5dias_umidrelmed2m_2018-09-02 _ 2018-09-07.csv,PageHinkley,5dias_umidrelmed2m_2018-09-02 _ 2018-09-07,8.468545370598108,10.29069424013189,23.0,0.0,38.35008940999978,0.0,1
PageHinkley_0_5dias_umidrelmed2m_2020-06-28 _ 2020-07-03.csv,PageHinkley,5dias_umidrelmed2m_2020-06-28 _ 2020-07-03,3.8711495646776997,4.767314590007624,17.666666666666668,8.65383665716478,95.82425991000491,-0.17413710364020552,3
PageHinkley_0_5dias_umidrelmed2m_2019-07-14 _ 2019-07-19.csv,PageHinkley,5dias_umidrelmed2m_2019-07-14 _ 2019-07-19,5.0468988118375,6.182428972424004,14.333333333333334,2.494438257849294,106.11465858700103,0.21994548414028325,3
PageHinkley_0_5dias_umidrelmed2m_2019-11-01 _ 2019-11-06.csv,PageHinkley,5dias_umidrelmed2m_2019-11-01 _ 2019-11-06,2.435430323209196,3.3063605865514667,24.428571428571427,3.81190401832181,242.65457957898616,0.13121587593456932,7
PageHinkley_0_5dias_umidrelmed2m_2016-02-04 _ 2016-02-09.csv,PageHinkley,5dias_umidrelmed2m_2016-02-04 _ 2016-02-09,5.0199590419395435,6.5697114349801575,21.0,8.0,72.03917329100659,0.0,2
PageHinkley_0_5dias_umidrelmed2m_2018-08-28 _ 2018-09-02.csv,PageHinkley,5dias_umidrelmed2m_2018-08-28 _ 2018-09-02,3.027861301411898,4.238147788833988,24.5,4.769696007084728,151.9294392010197,-0.28833557212796573,4
PageHinkley_0_5dias_umidrelmed2m_2021-03-18 _ 2021-03-23.csv,PageHinkley,5dias_umidrelmed2m_2021-03-18 _ 2021-03-23,3.416700551157368,4.7565789225951365,25.25,3.6996621467371855,162.09654553700238,-0.4539127477846992,4
PageHinkley_0_5dias_umidrelmed2m_2018-06-23 _ 2018-06-28.csv,PageHinkley,5dias_umidrelmed2m_2018-06-23 _ 2018-06-28,5.786795448351452,7.240278912562293,19.0,0.0,52.579737685999135,0.0,1
PageHinkley_0_5dias_umidrelmed2m_2021-01-05 _ 2021-01-10.csv,PageHinkley,5dias_umidrelmed2m_2021-01-05 _ 2021-01-10,3.1212865340311096,3.8797391850453247,21.333333333333332,12.552113589175153,127.95784399900003,-0.18456520135274523,3
PageHinkley_0_5dias_umidrelmed2m_2020-06-08 _ 2020-06-13.csv,PageHinkley,5dias_umidrelmed2m_2020-06-08 _ 2020-06-13,4.003675441049617,4.915117496775359,26.5,7.5,91.56340106599964,0.0,2
PageHinkley_0_5dias_umidrelmed2m_2020-01-10 _ 2020-01-15.csv,PageHinkley,5dias_umidrelmed2m_2020-01-10 _ 2020-01-15,3.0389489889036363,3.904292219148599,30.0,4.0,98.91997217701282,0.0,2
PageHinkley_0_5dias_umidrelmed2m_2017-01-05 _ 2017-01-10.csv,PageHinkley,5dias_umidrelmed2m_2017-01-05 _ 2017-01-10,4.3126126052842295,5.478218883725928,24.0,0.0,6.279436488985084,0.0,1
PageHinkley_0_5dias_umidrelmed2m_2019-02-19 _ 2019-03-21.csv,PageHinkley,5dias_umidrelmed2m_2019-02-19 _ 2019-03-21,3.3583436396378783,4.980996271353759,29.307692307692307,5.822827959315558,73.10033479100093,-0.6116344641446115,13
PageHinkley_0_5dias_umidrelmed2m_2020-05-29 _ 2020-06-03.csv,PageHinkley,5dias_umidrelmed2m_2020-05-29 _ 2020-06-03,4.999015468746535,6.55038615348691,27.0,0.0,13.912585466983728,0.0,1
PageHinkley_0_5dias_umidrelmed2m_2020-04-04 _ 2020-04-09.csv,PageHinkley,5dias_umidrelmed2m_2020-04-04 _ 2020-04-09,4.482455125718166,5.756311152489847,28.0,6.0,24.863585611979943,0.0,2
PageHinkley_0_5dias_umidrelmed2m_2021-03-08 _ 2021-03-13.csv,PageHinkley,5dias_umidrelmed2m_2021-03-08 _ 2021-03-13,5.544401251544604,7.124310527780411,12.5,1.5,24.477518664032687,0.0,2
PageHinkley_0_5dias_umidrelmed2m_2020-05-14 _ 2020-05-19.csv,PageHinkley,5dias_umidrelmed2m_2020-05-14 _ 2020-05-19,4.8163657621067335,6.1239062799395425,23.0,0.0,15.576974089024588,0.0,1
PageHinkley_0_5dias_umidrelmed2m_2016-07-28 _ 2016-08-02.csv,PageHinkley,5dias_umidrelmed2m_2016-07-28 _ 2016-08-02,2.678595447100456,3.7156726883181728,20.25,7.048936089935842,35.22695790004218,0.2491383044825235,4
PageHinkley_0_5dias_umidrelmed2m_2017-01-20 _ 2017-01-25.csv,PageHinkley,5dias_umidrelmed2m_2017-01-20 _ 2017-01-25,2.570787057978278,3.578492936887519,15.857142857142858,9.295599134284252,68.80734548898181,-0.12377740343330323,7
PageHinkley_0_5dias_umidrelmed2m_2021-05-07 _ 2021-05-12.csv,PageHinkley,5dias_umidrelmed2m_2021-05-07 _ 2021-05-12,3.4255568438227924,5.012219170738822,31.5,4.153311931459037,47.31188568496145,0.04251233021767161,4
PageHinkley_0_5dias_umidrelmed2m_2018-09-27 _ 2018-10-02.csv,PageHinkley,5dias_umidrelmed2m_2018-09-27 _ 2018-10-02,6.418252974223235,7.962084664487242,19.0,0.0,17.13391793903429,0.0,1
PageHinkley_0_5dias_umidrelmed2m_2017-04-11 _ 2017-04-16.csv,PageHinkley,5dias_umidrelmed2m_2017-04-11 _ 2017-04-16,2.4395911503497745,3.3931328132708445,22.4,6.945502141674136,75.58402455301257,-0.24786071034934065,5
PageHinkley_0_5dias_umidrelmed2m_2018-02-23 _ 2018-02-28.csv,PageHinkley,5dias_umidrelmed2m_2018-02-23 _ 2018-02-28,2.0692166730719794,2.951967701584151,23.0,5.802298395176403,101.67012190702371,-0.2632080464042449,6
PageHinkley_0_5dias_umidrelmed2m_2016-07-13 _ 2016-07-18.csv,PageHinkley,5dias_umidrelmed2m_2016-07-13 _ 2016-07-18,5.458271902929068,6.641314485673731,20.0,4.0,42.890642251004465,0.0,2
PageHinkley_0_5dias_umidrelmed2m_2019-05-10 _ 2019-05-17.csv,PageHinkley,5dias_umidrelmed2m_2019-05-10 _ 2019-05-17,2.1077648560113866,2.9298407783640834,19.857142857142858,7.989789402348321,145.9914434509701,-0.3745569640009688,7
PageHinkley_0_5dias_umidrelmed2m_2018-07-13 _ 2018-07-18.csv,PageHinkley,5dias_umidrelmed2m_2018-07-13 _ 2018-07-18,1.7542792113124386,2.266592107767202,26.6,5.851495535331117,181.6742318009492,-0.6725092948372553,5
PageHinkley_0_5dias_umidrelmed2m_2015-12-26 _ 2015-12-31.csv,PageHinkley,5dias_umidrelmed2m_2015-12-26 _ 2015-12-31,2.185233028875372,2.849915426794617,23.333333333333332,7.363574011458174,120.75174036296085,-0.28585310854193935,3
PageHinkley_0_5dias_umidrelmed2m_2019-08-08 _ 2019-08-13.csv,PageHinkley,5dias_umidrelmed2m_2019-08-08 _ 2019-08-13,4.393415422922188,5.689461281026905,18.333333333333332,6.548960901462833,116.746780675021,-0.5676776639643588,3
PageHinkley_0_5dias_umidrelmed2m_2016-09-22 _ 2016-09-27.csv,PageHinkley,5dias_umidrelmed2m_2016-09-22 _ 2016-09-27,3.0498695063004444,4.000117084516476,24.142857142857142,6.05754715631834,278.72927589004394,-0.1520632754616508,7
PageHinkley_0_5dias_umidrelmed2m_2018-04-14 _ 2018-04-19.csv,PageHinkley,5dias_umidrelmed2m_2018-04-14 _ 2018-04-19,1.4113072622558054,1.8815433592423318,26.4,4.923413450036469,215.69373819697648,-0.3163140223222899,5
PageHinkley_0_5dias_umidrelmed2m_2016-06-08 _ 2016-06-13.csv,PageHinkley,5dias_umidrelmed2m_2016-06-08 _ 2016-06-13,5.338503232128046,6.826605509817768,29.0,0.0,95.91493908606935,0.0,2
PageHinkley_0_5dias_umidrelmed2m_2021-06-16 _ 2021-06-22.csv,PageHinkley,5dias_umidrelmed2m_2021-06-16 _ 2021-06-22,4.123962450085117,6.213651736244129,25.0,0.0,51.732873204979114,0.0,1
PageHinkley_0_5dias_umidrelmed2m_2020-02-14 _ 2020-02-19.csv,PageHinkley,5dias_umidrelmed2m_2020-02-14 _ 2020-02-19,3.058899072337531,4.330450793959797,24.5,9.604686356149273,392.0441959289601,-0.22668619874488322,8
PageHinkley_0_5dias_umidrelmed2m_2019-12-31 _ 2020-01-05.csv,PageHinkley,5dias_umidrelmed2m_2019-12-31 _ 2020-01-05,3.6379837522914884,4.826230008308073,19.5,4.8218253804964775,211.94073618901893,-0.18958388532015094,4
PageHinkley_0_5dias_umidrelmed2m_2021-10-15 _ 2021-10-20.csv,PageHinkley,5dias_umidrelmed2m_2021-10-15 _ 2021-10-20,4.0427867291422,5.209891842297211,21.5,0.5,112.83166044193786,0.0,2
PageHinkley_0_5dias_umidrelmed2m_2020-03-20 _ 2020-03-25.csv,PageHinkley,5dias_umidrelmed2m_2020-03-20 _ 2020-03-25,2.3476315535700967,3.070887802552064,25.666666666666668,3.901566636906542,326.9415191159351,-0.3522110308464219,6
PageHinkley_0_5dias_umidrelmed2m_2020-12-11 _ 2020-12-16.csv,PageHinkley,5dias_umidrelmed2m_2020-12-11 _ 2020-12-16,5.8111429439083855,7.334380396726609,14.0,0.0,120.9344134950079,0.0,2
PageHinkley_0_5dias_umidrelmed2m_2020-03-15 _ 2020-03-20.csv,PageHinkley,5dias_umidrelmed2m_2020-03-15 _ 2020-03-20,8.537200942925525,11.74634024195418,24.5,1.5,125.4377609079238,0.0,2
PageHinkley_0_5dias_umidrelmed2m_2017-07-26 _ 2017-07-31.csv,PageHinkley,5dias_umidrelmed2m_2017-07-26 _ 2017-07-31,2.8179449779753374,3.6092262548745375,24.6,6.086049621881176,312.25442284799647,-0.4917045083616125,5
PageHinkley_0_5dias_umidrelmed2m_2018-09-22 _ 2018-09-27.csv,PageHinkley,5dias_umidrelmed2m_2018-09-22 _ 2018-09-27,2.880618651803324,3.6238683980324753,25.0,7.483314773547883,260.74883881700225,-0.007173269877143618,4
PageHinkley_0_5dias_umidrelmed2m_2016-09-27 _ 2016-10-02.csv,PageHinkley,5dias_umidrelmed2m_2016-09-27 _ 2016-10-02,2.6055153385686927,3.8532483169686,27.5,4.232808366400098,397.7765355450101,-0.11345445925085924,6
PageHinkley_0_5dias_umidrelmed2m_2019-07-29 _ 2019-08-03.csv,PageHinkley,5dias_umidrelmed2m_2019-07-29 _ 2019-08-03,4.0985477248920406,5.446978970705538,25.333333333333332,5.527707983925667,409.27001036005095,0.08511571511817753,6
PageHinkley_0_5dias_umidrelmed2m_2021-07-22 _ 2021-07-27.csv,PageHinkley,5dias_umidrelmed2m_2021-07-22 _ 2021-07-27,3.139719632895278,4.325277996890391,23.0,10.98483803552272,227.0665919559542,-0.22381559769170845,3
PageHinkley_0_5dias_umidrelmed2m_2021-08-31 _ 2021-09-05.csv,PageHinkley,5dias_umidrelmed2m_2021-08-31 _ 2021-09-05,2.6689818296994683,3.6157647748308137,23.0,7.094598884597588,449.6283854090143,-0.3490573850487098,6
PageHinkley_0_5dias_umidrelmed2m_2020-01-15 _ 2020-01-20.csv,PageHinkley,5dias_umidrelmed2m_2020-01-15 _ 2020-01-20,2.6497794476029766,3.541471216226174,14.333333333333334,5.312459150169743,236.80184996395838,-0.08176104394621952,3
PageHinkley_0_5dias_umidrelmed2m_2016-06-13 _ 2016-06-18.csv,PageHinkley,5dias_umidrelmed2m_2016-06-13 _ 2016-06-18,2.406395118633307,3.222001501484686,24.25,7.949056547792323,327.15776406694204,-0.3033999104400838,4
PageHinkley_0_5dias_umidrelmed2m_2021-08-06 _ 2021-08-11.csv,PageHinkley,5dias_umidrelmed2m_2021-08-06 _ 2021-08-11,2.2228768135904704,2.8142010544704323,26.666666666666668,4.307615994440028,490.74542353802826,-0.12569991021626475,6
TopDownIndex_25_0_5dias_umidrelmed2m_2017-05-11 _ 2017-05-16.csv,TopDownIndex_25,5dias_umidrelmed2m_2017-05-11 _ 2017-05-16,,,4.945454545454545,9.149104639388455,392.29776980499446,-0.3798328147747186,110
TopDownIndex_25_0_5dias_umidrelmed2m_2019-09-17 _ 2019-09-22.csv,TopDownIndex_25,5dias_umidrelmed2m_2019-09-17 _ 2019-09-22,,,7.27,11.376163676740942,423.59113466700364,-0.3737672640807992,100
TopDownIndex_25_0_5dias_umidrelmed2m_2020-08-08 _ 2020-08-13.csv,TopDownIndex_25,5dias_umidrelmed2m_2020-08-08 _ 2020-08-13,0.7320685986441439,1.1816198717438726,3.3070866141732282,6.823433235438172,566.0012983360066,-0.27162837866943385,127
TopDownIndex_25_0_5dias_umidrelmed2m_2020-10-12 _ 2020-10-17.csv,TopDownIndex_25,5dias_umidrelmed2m_2020-10-12 _ 2020-10-17,0.7766609438780907,1.259159135280117,4.453608247422681,8.534974279376753,564.0682240330061,-0.37871921359981525,97
TopDownIndex_25_0_5dias_umidrelmed2m_2016-09-07 _ 2016-09-12.csv,TopDownIndex_25,5dias_umidrelmed2m_2016-09-07 _ 2016-09-12,,,3.272727272727273,6.338010340750951,1014.3850871080067,-0.31244984230519135,143
TopDownIndex_25_0_5dias_umidrelmed2m_2020-11-01 _ 2020-11-06.csv,TopDownIndex_25,5dias_umidrelmed2m_2020-11-01 _ 2020-11-06,0.8503243350222655,1.3715855233299794,2.792682926829268,5.209601372508286,1567.6357281429955,-0.3940992026564516,164
TopDownIndex_25_0_5dias_umidrelmed2m_2018-08-02 _ 2018-08-07.csv,TopDownIndex_25,5dias_umidrelmed2m_2018-08-02 _ 2018-08-07,0.15390660227910202,0.27429620214843514,5.711538461538462,9.413240548989286,1321.9156946160074,-0.08470759815317586,104
TopDownIndex_25_0_5dias_umidrelmed2m_2016-11-06 _ 2016-11-11.csv,TopDownIndex_25,5dias_umidrelmed2m_2016-11-06 _ 2016-11-11,1.0174887013353933,1.700993848479789,2.703448275862069,5.569775749749448,2074.9012166510074,-0.3706525564432562,145
TopDownIndex_25_0_5dias_umidrelmed2m_2018-10-22 _ 2018-10-27.csv,TopDownIndex_25,5dias_umidrelmed2m_2018-10-22 _ 2018-10-27,1.1562861347184947,1.70074371645283,3.382978723404255,5.498754951879916,764.7554671329999,-0.4214211798590853,47
TopDownIndex_25_0_5dias_umidrelmed2m_2016-12-01 _ 2016-12-06.csv,TopDownIndex_25,5dias_umidrelmed2m_2016-12-01 _ 2016-12-06,1.10043715480042,1.6578016588884201,4.0638297872340425,8.060685402775434,1645.1098311609967,-0.3701865359428709,94
TopDownIndex_25_0_5dias_umidrelmed2m_2018-02-18 _ 2018-02-23.csv,TopDownIndex_25,5dias_umidrelmed2m_2018-02-18 _ 2018-02-23,0.6005239918035432,0.9412913313755616,6.3023255813953485,9.77665678273944,1701.968718848002,-0.3343376778255561,86
TopDownIndex_25_0_5dias_umidrelmed2m_2019-07-09 _ 2019-07-14.csv,TopDownIndex_25,5dias_umidrelmed2m_2019-07-09 _ 2019-07-14,0.5055874793503986,0.8285891078272714,5.12396694214876,9.904144092943277,2587.9781180650025,-0.26594502543921406,121
TopDownIndex_25_0_5dias_umidrelmed2m_2017-08-05 _ 2017-08-10.csv,TopDownIndex_25,5dias_umidrelmed2m_2017-08-05 _ 2017-08-10,0.711708677634731,1.1533627753811004,6.02,9.820366591935354,2441.169750595989,-0.40929977346353563,100
TopDownIndex_25_0_5dias_umidrelmed2m_2020-06-28 _ 2020-07-03.csv,TopDownIndex_25,5dias_umidrelmed2m_2020-06-28 _ 2020-07-03,0.49958554253491266,0.7844948609779986,7.43,10.268646454134059,2752.6304490360053,-0.39802982375000234,100
TopDownIndex_25_0_5dias_umidrelmed2m_2019-07-14 _ 2019-07-19.csv,TopDownIndex_25,5dias_umidrelmed2m_2019-07-14 _ 2019-07-19,0.8046125711537773,1.3161967483372972,3.418032786885246,6.703119122180222,3542.3864702149876,-0.39876658453518066,122
TopDownIndex_25_0_5dias_umidrelmed2m_2019-11-01 _ 2019-11-06.csv,TopDownIndex_25,5dias_umidrelmed2m_2019-11-01 _ 2019-11-06,1.1595864994507086,1.7772527189151506,3.3548387096774195,6.772247544349099,2877.463171302021,-0.6464144747259376,93
TopDownIndex_25_0_5dias_umidrelmed2m_2016-02-04 _ 2016-02-09.csv,TopDownIndex_25,5dias_umidrelmed2m_2016-02-04 _ 2016-02-09,0.40962244691408395,0.7823886780066398,6.524822695035461,10.259457881993216,4593.992345207982,-0.33881783177535846,141
TopDownIndex_25_0_5dias_umidrelmed2m_2018-08-28 _ 2018-09-02.csv,TopDownIndex_25,5dias_umidrelmed2m_2018-08-28 _ 2018-09-02,0.8437536031284595,1.3125499492834365,4.1,8.631917515824627,3459.907963976002,-0.34807825649552643,100
TopDownIndex_25_0_5dias_umidrelmed2m_2021-03-18 _ 2021-03-23.csv,TopDownIndex_25,5dias_umidrelmed2m_2021-03-18 _ 2021-03-23,0.7163347161465248,1.2058571240639098,3.2933333333333334,6.3692455509965145,5551.589681498997,-0.35183901075736335,150
TopDownIndex_25_0_5dias_umidrelmed2m_2018-06-23 _ 2018-06-28.csv,TopDownIndex_25,5dias_umidrelmed2m_2018-06-23 _ 2018-06-28,0.7586336832725319,1.1731230110907993,11.450704225352112,13.238642469439386,2781.298871115985,-0.49809355209497447,71
TopDownIndex_25_0_5dias_umidrelmed2m_2021-01-05 _ 2021-01-10.csv,TopDownIndex_25,5dias_umidrelmed2m_2021-01-05 _ 2021-01-10,,,6.42,9.851071007763572,4105.850159875001,-0.3325910214415681,100
TopDownIndex_25_0_5dias_umidrelmed2m_2020-06-08 _ 2020-06-13.csv,TopDownIndex_25,5dias_umidrelmed2m_2020-06-08 _ 2020-06-13,inf,inf,7.283018867924528,10.720949969332336,4576.974942347995,-0.4050364830702694,106
TopDownIndex_25_0_5dias_umidrelmed2m_2019-02-19 _ 2019-03-21.csv,TopDownIndex_25,5dias_umidrelmed2m_2019-02-19 _ 2019-03-21,0.5419744474687639,0.8110321137219426,13.0,12.601106252543019,334.208039338002,-0.94752540741502,66
TopDownIndex_25_0_5dias_umidrelmed2m_2020-05-29 _ 2020-06-03.csv,TopDownIndex_25,5dias_umidrelmed2m_2020-05-29 _ 2020-06-03,0.4395266013566778,0.7336283914448095,7.918918918918919,10.486486486486486,390.58485104399733,-0.36369612944055435,74
TopDownIndex_25_0_5dias_umidrelmed2m_2020-04-04 _ 2020-04-09.csv,TopDownIndex_25,5dias_umidrelmed2m_2020-04-04 _ 2020-04-09,1.0047972717507143,1.4997589271299117,8.032786885245901,10.672420735916393,359.78911979298573,-0.6790755494348772,61
TopDownIndex_25_0_5dias_umidrelmed2m_2021-03-08 _ 2021-03-13.csv,TopDownIndex_25,5dias_umidrelmed2m_2021-03-08 _ 2021-03-13,0.714685953822024,1.235566563033582,9.153061224489797,11.862608069928863,660.1803709199885,-0.46770572219435486,98
TopDownIndex_25_0_5dias_umidrelmed2m_2020-05-14 _ 2020-05-19.csv,TopDownIndex_25,5dias_umidrelmed2m_2020-05-14 _ 2020-05-19,,,6.780487804878049,9.690777264476191,908.4636748629855,-0.3174855370895334,123
TopDownIndex_25_0_5dias_umidrelmed2m_2016-07-28 _ 2016-08-02.csv,TopDownIndex_25,5dias_umidrelmed2m_2016-07-28 _ 2016-08-02,0.8030456251142659,1.1845388820790883,3.42,6.945761297366905,825.8012627220014,-0.3222442037632982,100
TopDownIndex_25_0_5dias_umidrelmed2m_2017-01-20 _ 2017-01-25.csv,TopDownIndex_25,5dias_umidrelmed2m_2017-01-20 _ 2017-01-25,0.3703141301565831,0.6560161643998407,6.9689922480620154,10.742177961499664,1211.0299282710184,-0.3210552954849422,129
TopDownIndex_25_0_5dias_umidrelmed2m_2021-05-07 _ 2021-05-12.csv,TopDownIndex_25,5dias_umidrelmed2m_2021-05-07 _ 2021-05-12,0.7014009325853087,1.2254471490270518,4.178861788617886,6.5045731508844264,1295.8446600409807,-0.27869589858851507,123
TopDownIndex_25_0_5dias_umidrelmed2m_2018-09-27 _ 2018-10-02.csv,TopDownIndex_25,5dias_umidrelmed2m_2018-09-27 _ 2018-10-02,0.663726162385465,0.9820764165319978,3.657142857142857,7.518648018574275,1288.4242513400386,-0.36471348608054793,105
TopDownIndex_25_0_5dias_umidrelmed2m_2017-04-11 _ 2017-04-16.csv,TopDownIndex_25,5dias_umidrelmed2m_2017-04-11 _ 2017-04-16,0.6637043671296439,1.0565736572359803,5.212121212121212,7.44850703944225,1422.43032860104,-0.4149356562633556,99
TopDownIndex_25_0_5dias_umidrelmed2m_2018-02-23 _ 2018-02-28.csv,TopDownIndex_25,5dias_umidrelmed2m_2018-02-23 _ 2018-02-28,0.6812858517593531,1.1968864164339814,3.3445945945945947,7.260326139124692,2456.554641039984,-0.44480867744829183,148
TopDownIndex_25_0_5dias_umidrelmed2m_2016-07-13 _ 2016-07-18.csv,TopDownIndex_25,5dias_umidrelmed2m_2016-07-13 _ 2016-07-18,0.9491380376102478,1.4181178763332958,6.597222222222222,10.487637857950006,1347.1130535649718,-0.5081949042662562,72
TopDownIndex_25_0_5dias_umidrelmed2m_2019-05-10 _ 2019-05-17.csv,TopDownIndex_25,5dias_umidrelmed2m_2019-05-10 _ 2019-05-17,0.36925617395421195,0.6517637305417504,6.238938053097345,9.678252544937862,2437.974648086005,-0.35328820347574086,113
TopDownIndex_25_0_5dias_umidrelmed2m_2018-12-22 _ 2019-01-01.csv,TopDownIndex_25,5dias_umidrelmed2m_2018-12-22 _ 2019-01-01,0.5703248952106443,1.0765333588497756,7.098591549295775,10.829218339624171,3686.9324845190276,-0.32303103974488817,142
TopDownIndex_25_0_5dias_umidrelmed2m_2017-01-30 _ 2017-02-04.csv,TopDownIndex_25,5dias_umidrelmed2m_2017-01-30 _ 2017-02-04,0.4649441682224276,0.8437276571509807,9.23913043478261,11.260135111183935,2686.7938209630083,-0.3995164069911517,92
TopDownIndex_25_0_5dias_umidrelmed2m_2018-07-13 _ 2018-07-18.csv,TopDownIndex_25,5dias_umidrelmed2m_2018-07-13 _ 2018-07-18,0.5715143237919164,0.9562563542929948,4.896,8.992284693002107,3871.743340431014,-0.22852976519536733,125
TopDownIndex_25_0_5dias_umidrelmed2m_2015-12-26 _ 2015-12-31.csv,TopDownIndex_25,5dias_umidrelmed2m_2015-12-26 _ 2015-12-31,0.21910609243285425,0.4298816305776435,6.435483870967742,9.869504951702254,4124.797252712888,-0.16397911193362494,124
TopDownIndex_25_0_5dias_umidrelmed2m_2019-08-08 _ 2019-08-13.csv,TopDownIndex_25,5dias_umidrelmed2m_2019-08-08 _ 2019-08-13,0.845472567284761,2.0020486020202517,3.1875,6.723681975343239,4939.084401845932,-0.37332961186220875,144
TopDownIndex_25_0_5dias_umidrelmed2m_2016-09-22 _ 2016-09-27.csv,TopDownIndex_25,5dias_umidrelmed2m_2016-09-22 _ 2016-09-27,1.287150362359324,2.0348702296807932,2.206896551724138,4.800713383373189,5399.457315994892,-0.4015478329380542,145
TopDownIndex_25_0_5dias_umidrelmed2m_2018-04-14 _ 2018-04-19.csv,TopDownIndex_25,5dias_umidrelmed2m_2018-04-14 _ 2018-04-19,0.5194892718223671,0.8884386907391997,6.333333333333333,9.322574444070316,3696.7419138199184,-0.2916059193917374,93
TopDownIndex_25_0_5dias_umidrelmed2m_2016-06-08 _ 2016-06-13.csv,TopDownIndex_25,5dias_umidrelmed2m_2016-06-08 _ 2016-06-13,0.5974798011880755,0.9738856666417454,9.870967741935484,11.205054357275426,4021.9693152320106,-0.6222141938708573,93
TopDownIndex_25_0_5dias_umidrelmed2m_2021-06-16 _ 2021-06-22.csv,TopDownIndex_25,5dias_umidrelmed2m_2021-06-16 _ 2021-06-22,0.45993545480165415,0.6944049693686212,4.348623853211009,7.6053773187966085,4838.141369067016,-0.04043375430343114,109
TopDownIndex_25_0_5dias_umidrelmed2m_2020-02-14 _ 2020-02-19.csv,TopDownIndex_25,5dias_umidrelmed2m_2020-02-14 _ 2020-02-19,0.7205188960251746,1.1237486297712707,4.691666666666666,8.594373967246765,5624.385316184955,-0.5169332030614272,120
TopDownIndex_25_0_5dias_umidrelmed2m_2019-12-31 _ 2020-01-05.csv,TopDownIndex_25,5dias_umidrelmed2m_2019-12-31 _ 2020-01-05,0.6186910503435455,1.1074558802932268,9.709302325581396,11.781801377518505,4266.863096026005,-0.45141652833726864,86
TopDownIndex_25_0_5dias_umidrelmed2m_2020-03-20 _ 2020-03-25.csv,TopDownIndex_25,5dias_umidrelmed2m_2020-03-20 _ 2020-03-25,0.5600734988444345,0.9565672816120376,4.80327868852459,6.700427371080115,6440.587258459069,-0.4010368044228314,122
TopDownIndex_25_0_5dias_umidrelmed2m_2020-12-11 _ 2020-12-16.csv,TopDownIndex_25,5dias_umidrelmed2m_2020-12-11 _ 2020-12-16,0.7879175401945558,1.2848354978132819,5.2254901960784315,8.950744149965365,5563.190382109955,-0.4572656646912787,102
TopDownIndex_25_0_5dias_umidrelmed2m_2020-03-15 _ 2020-03-20.csv,TopDownIndex_25,5dias_umidrelmed2m_2020-03-15 _ 2020-03-20,0.6842252311389035,1.1973353822749115,6.855421686746988,9.64693912392602,4709.164937100955,-0.507146437562165,83
TopDownIndex_25_0_5dias_umidrelmed2m_2017-07-26 _ 2017-07-31.csv,TopDownIndex_25,5dias_umidrelmed2m_2017-07-26 _ 2017-07-31,1.2594130566012005,1.8336692113123612,1.9259259259259258,3.6303854088423244,6260.586156356963,-0.3396184575823676,108
TopDownIndex_25_0_5dias_umidrelmed2m_2018-09-22 _ 2018-09-27.csv,TopDownIndex_25,5dias_umidrelmed2m_2018-09-22 _ 2018-09-27,1.0954255840772944,1.6550926627683635,3.8869565217391306,7.225275944652254,6938.627495918074,-0.3846077573917168,115
TopDownIndex_25_0_5dias_umidrelmed2m_2016-09-27 _ 2016-10-02.csv,TopDownIndex_25,5dias_umidrelmed2m_2016-09-27 _ 2016-10-02,0.7848799683994663,1.2652347842539653,3.744186046511628,8.261500389067653,8099.276569114998,-0.3840556985174817,129
TopDownIndex_25_0_5dias_umidrelmed2m_2019-07-29 _ 2019-08-03.csv,TopDownIndex_25,5dias_umidrelmed2m_2019-07-29 _ 2019-08-03,0.7619028564359432,1.4090124218528464,5.033057851239669,9.351655074531827,7918.311658852035,-0.3186279100276165,121
TopDownIndex_25_0_5dias_umidrelmed2m_2016-06-23 _ 2016-06-28.csv,TopDownIndex_25,5dias_umidrelmed2m_2016-06-23 _ 2016-06-28,0.8323360806566255,1.3337988014090572,3.3666666666666667,7.500296290443762,6055.570714269066,-0.36209465207782715,90
TopDownIndex_25_0_5dias_umidrelmed2m_2021-07-22 _ 2021-07-27.csv,TopDownIndex_25,5dias_umidrelmed2m_2021-07-22 _ 2021-07-27,0.439740098509145,0.7660989606568577,4.809917355371901,7.62695746405204,8407.781917526969,-0.23920499557425948,121
TopDownIndex_25_0_5dias_umidrelmed2m_2021-08-31 _ 2021-09-05.csv,TopDownIndex_25,5dias_umidrelmed2m_2021-08-31 _ 2021-09-05,0.4845999533913843,0.9370074047765637,3.731034482758621,7.73817689694841,10408.999384850962,-0.2859271634261034,145
TopDownIndex_25_0_5dias_umidrelmed2m_2020-01-15 _ 2020-01-20.csv,TopDownIndex_25,5dias_umidrelmed2m_2020-01-15 _ 2020-01-20,0.5407185354425695,0.915710394254504,5.678899082568807,9.563770257606272,8119.985547793913,-0.2916170134103227,109
TopDownIndex_25_0_5dias_umidrelmed2m_2016-06-13 _ 2016-06-18.csv,TopDownIndex_25,5dias_umidrelmed2m_2016-06-13 _ 2016-06-18,0.5711602856432082,1.0118985757996288,6.888888888888889,9.201985829693314,6910.348248198978,-0.41637843927244383,90