series,pred_full,pred_cuts
96.6,94.72607984388539,96.50340005568599
95.4,96.34854440748603,96.51762570380603
94.6,94.79920405891849,94.96296749176226
94.9,94.14540832247323,94.30864499451566
95.5,94.77584794910834,95.00925812705664
95.6,95.45112988586456,95.71851625411324
95.9,95.39504674539587,95.63641937568553
95.8,95.747861559207,96.00925812705664
95.8,95.52779482515552,95.76358062431446
96.0,95.55885001210922,95.8
97.0,95.81607525600057,96.07283875137108
97.1,97.03365204034787,97.36419375685541
96.7,96.85363685343984,97.13641937568553
96.8,96.31153237405027,96.55432249725784
97.1,96.56283683499115,96.83641937568554
97.3,96.91608825287283,97.20925812705661
97.7,97.08026193826632,97.37283875137108
97.6,97.5302424408246,97.84567750274218
97.7,97.27959623896359,97.56358062431445
98.0,97.43869745888486,97.73641937568554
98.0,97.79167589633356,98.10925812705662
97.5,97.69881238243943,98.0
97.1,97.05886901384645,97.3179031215723
96.9,96.70078614376254,96.95432249725782
96.7,96.56774279183928,96.82716124862893
96.4,96.3730855068407,96.62716124862892
96.3,96.05082656881162,96.29074187294339
96.1,96.01494119449904,96.26358062431446
95.6,95.78927214354256,96.02716124862891
95.2,95.21082343557732,95.41790312157228
94.6,94.8521951671661,95.05432249725784
94.2,94.20734105324154,94.38148374588674
93.2,93.87889175637487,94.05432249725784
92.9,92.72263735165757,92.83580624314459
91.9,92.64503324759966,92.79074187294339
91.3,91.45762511572529,91.53580624314459
89.2,90.99481253067256,91.08148374588674
87.4,88.49116995489301,88.43519311060363
86.9,86.8340950563259,86.74445123766026
85.8,86.74649818460817,86.7179031215723
85.7,85.49340835790473,85.39938686745903
83.8,85.70107722990718,85.66358062431446
83.3,83.30138520762573,83.10803186197471
83.4,83.24624345322496,83.11790312157228
83.2,83.52768118626342,83.43641937568555
82.2,83.23990805345876,83.12716124862892
81.5,82.02168065254948,81.83580624314459
80.3,81.43231570790459,81.2450643702012
78.8,80.110886231734,79.8629674917735
78.2,78.5607618191943,78.25370936471687
78.6,78.25525389982683,77.98148374588676
77.6,78.9500109801828,78.74567750274215
77.9,77.54881729318795,77.23580624314458
77.5,78.23950128671825,78.00925812705664
77.8,77.63638532195266,77.35432249725783
78.3,78.14393224767417,77.90925812705662
78.3,78.69139520540482,78.48209687842771
79.3,78.53936809343719,78.3
79.0,79.81807545669768,79.66419375685541
78.9,79.12717122333704,78.89074187294338
78.7,79.09149814636686,78.86358062431447
79.5,78.86788345415857,78.62716124862892
80.5,79.95416749604264,79.79135500548433
81.3,80.98858146133972,80.86419375685541
81.2,81.70449392304585,81.59135500548433
80.2,81.32965004989283,81.16358062431446
79.6,80.08104038769527,79.83580624314459
79.4,79.62119112374883,79.38148374588674
79.6,79.55051675070399,79.32716124862893
78.3,79.86635356819448,79.67283875137107
77.4,78.14152626096939,77.82654811608796
77.7,77.39100264041728,77.07222561883013
79.1,78.05372215654793,77.80925812705662
79.4,79.75282371316295,79.60987125959757
82.1,79.71043743288499,79.50925812705664
83.2,83.07320395107092,83.0833231435096
84.2,83.65198596017505,83.60061313254097
85.0,84.59441290546282,84.56419375685542
85.3,85.31113099119949,85.29135500548433
85.4,85.44964077671128,85.40925812705662
85.4,85.48595021488521,85.43641937568555
84.6,85.45477075572751,85.4
83.7,84.4311439002605,84.30864499451566
83.3,83.52624802673874,83.37222561883013
83.2,83.29195754116034,83.15432249725784
84.0,83.2889017366931,83.16358062431446
85.5,84.3455735538746,84.29135500548433
86.7,86.02041762152847,86.04629063528311
87.6,87.0960721838395,87.13703250822651
89.0,87.88097798994504,87.92777438116987
88.6,89.39509457050592,89.50987125959757
87.5,88.45271614523448,88.45432249725783
85.4,87.16700352444596,87.09938686745905
86.6,84.82167780077734,84.63519311060364
86.2,87.00049568563591,87.03703250822649
86.6,86.11629646377979,86.05432249725784
88.5,86.73701430702592,86.74567750274215
89.3,88.99078618206546,89.19196813802529
87.1,89.46932460411392,89.59135500548433
87.7,86.45629920369946,86.29877373491809
87.6,87.90027017794657,87.91851625411326
88.8,87.55693208417361,87.56358062431445
89.5,89.14346499933912,89.23703250822649
90.6,89.64649590501739,89.7549356297988
91.2,90.85148013145155,91.00061313254095
91.7,91.2902818973493,91.41851625411326
93.1,91.78543604783083,91.8820968784277
92.6,93.36505653900963,93.60987125959757
92.2,92.2820840161806,92.4179031215723
92.0,91.95785843344572,92.05432249725784
92.7,91.82743860267425,91.92716124862892
92.0,92.7773247991295,92.9549356297988
91.1,91.67791781174621,91.7450643702012
91.4,90.71153091997965,90.77222561883012
91.7,91.39140962340298,91.50925812705664
92.0,91.69076352388257,91.80925812705662
92.3,91.96385697999919,92.10925812705662
92.8,92.23407155439025,92.40925812705662
93.5,92.79482937789805,92.98209687842771
93.1,93.54580398947589,93.7549356297988
92.8,92.81450369030962,92.95432249725782
93.8,92.5478265873149,92.69074187294338
93.4,93.93266549712132,94.16419375685541
92.1,93.10385207809583,93.25432249725785
90.5,91.54749958360928,91.62654811608795
91.2,89.90805673091585,89.91728998903135
90.6,91.28419192930055,91.4549356297988
89.4,90.31333173833669,90.38148374588674
88.3,88.92549026757406,88.96296749177351
84.2,87.93162725247113,87.89938686745904
82.5,82.97037983261946,82.7068055968928
83.2,82.08648250307634,81.88087061334579
82.2,83.41917887067737,83.4549356297988
79.1,81.96043411316845,81.83580624314459
77.8,78.35965651893679,77.9709993537482
78.5,77.59515576423965,77.32654811608796
79.6,78.95310113799125,78.7549356297988
80.4,80.03431592580937,80.00061313254095
78.7,80.82127228073581,80.69135500548434
75.3,78.40610462954872,78.0808706133458
75.3,74.54947241984141,74.06174122669158
74.9,75.5581547612101,75.3
72.7,75.07342956323183,74.75432249725785
74.0,72.34659539945109,71.8987737349181
70.5,74.67915240487909,74.47345188391203
69.6,69.84713768917896,69.22532185100604
69.7,69.80937520305258,69.27222561883012
65.8,70.12434327675601,69.73641937568554
66.2,65.18936990107511,64.37964434826388
66.4,66.84410820631997,66.34567750274218
66.7,67.02514204759338,66.47283875137109
67.2,67.34738470817605,66.80925812705662
67.4,67.86627277764498,67.38209687842772
67.6,68.02976013132937,67.47283875137109
68.2,68.14039358861034,67.67283875137107
67.6,68.87865697861348,68.41851625411326
61.3,67.91680091808158,67.38148374588674
62.7,60.087639376959515,59.00557933181088
62.4,63.81520493891289,63.2098712595976
62.6,62.98760341049682,62.29074187294337
61.9,63.292696199470235,62.67283875137108
60.9,62.301414824742785,61.64506437020121
62.0,61.27069580980789,60.535806243144584
58.5,63.001056933712015,62.400613132540954
58.5,58.194480386694615,57.22532185100605
63.2,59.185918538688924,58.5
68.1,65.2489916141511,64.91171065722045
71.0,70.13348471714542,69.88454940859152
72.6,72.37839435782789,72.0561618948807
73.8,73.46044400175262,73.18271001096866
76.5,74.650590575853,74.23703250822649
90.6,77.61879067483011,77.48332314350962
92.0,94.86768636837046,95.73513197166135
90.4,92.31293531203643,92.50987125959759
88.1,89.8107469517173,89.81728998903134
86.8,87.35562783813442,87.26235435923253
83.1,86.39676301929433,86.32654811608796
80.1,82.01751265159723,81.75248309963496
76.8,79.32093565166956,79.00741872943375
75.7,76.04496830857147,75.59816060237713
78.6,75.65914733491962,75.29938686745905
86.8,79.7544398273273,79.6561618948807
91.1,89.38694689682616,89.7863888062144
96.2,92.34459230615143,92.66603315447827
97.7,97.54313635208163,98.05738815996263
95.7,97.92701665577071,98.24629063528312
94.4,94.8021590557711,94.97161248628919
94.4,93.7445217638697,93.92654811608796
93.9,94.1013879225308,94.4
94.6,93.6495638259273,93.7179031215723
95.5,94.56282486225258,94.85493562979877
96.2,95.56826473811297,95.82777438116987
96.5,96.25573968216726,96.4549356297988
96.4,96.34717119964345,96.60925812705662
96.9,95.98413648970711,96.36358062431447
97.0,96.84764393558328,97.08209687842772
96.8,96.73959439546798,97.03641937568554
97.3,96.53485498455508,96.72716124862892
97.8,97.189554062663,97.4820968784277
97.6,97.70777774426985,97.98209687842771
97.4,97.26552135311685,97.52716124862891
97.7,97.07420533252497,97.32716124862893
97.5,97.56815362314062,97.80925812705662
97.4,97.10893904046577,97.42716124862892
97.5,97.0787993089591,97.36358062431447
97.5,97.24426358798375,97.53641937568554
96.7,97.25770009317021,97.5
96.1,96.14530031514698,96.40864499451567
96.6,95.63375647398003,95.88148374588674
96.6,96.52621732278172,96.78209687842771
96.8,96.35208413697973,96.6
97.0,96.60825547344517,96.87283875137108
96.7,96.80426283958239,97.07283875137108
96.6,96.37073064157886,96.59074187294338
95.9,96.34241983904833,96.56358062431445
95.8,95.41543537786835,95.64506437020121
96.0,95.52580043019782,95.76358062431446
96.7,95.88016568530358,96.07283875137108
97.1,96.62004476318884,96.9549356297988
96.6,96.89176126633703,97.24567750274215
96.6,96.1259702998049,96.4179031215723
96.2,96.404445059488,96.6
95.5,95.78694725106749,96.05432249725784
94.8,95.00139142816387,95.2450643702012
94.1,94.3357068775582,94.5450643702012
93.7,93.48930201154654,93.8450643702012
93.3,93.36614881347475,93.55432249725784
93.3,93.06133779653369,93.15432249725782
92.6,93.06025244352786,93.3
91.6,92.07638070278017,92.3450643702012
90.8,91.13367424638106,91.23580624314458
90.1,90.4949186006543,90.50864499451566
89.0,89.83095348037519,89.8450643702012
88.0,88.62269433377281,88.59938686745905
87.7,87.54817832044525,87.63580624314459
87.4,87.41934453911038,87.59074187294338
88.3,87.33283795028395,87.29074187294339
84.9,88.50278891123973,88.62777438116987
83.3,83.78009706949844,83.66174122669159
82.3,82.99197829322422,82.71728998903133
82.6,81.89322361647186,81.93580624314458
82.0,82.79460964413694,82.70925812705661
80.2,81.94119092397425,81.78148374588676
80.6,79.59620951481698,79.54445123766025
83.2,80.94661691257039,80.74567750274215
84.6,84.07581156043692,84.14690376782409
87.1,85.07479531346539,85.10987125959757
87.5,87.85503621618248,88.01048439213854
86.9,87.58080184002101,87.64567750274216
87.2,86.6912107287914,86.68148374588677
87.2,87.28616038403881,87.30925812705662
87.4,87.12255803154578,87.2
85.8,87.09445299817422,87.47283875137109
83.1,85.47522355276959,85.21728998903133
83.9,82.29541596051182,82.11667685649037
84.2,84.20577129530501,84.19135500548434
83.7,84.29020912271032,84.30925812705662
84.9,83.55705917897207,83.5179031215723
86.9,85.36124156649166,85.3370325082265
86.4,87.27473449062722,87.62838751371083
90.2,86.2747069928053,86.2179031215723
89.3,91.49268537006279,91.58393627605058
88.9,89.10845561808905,88.97222561883012
86.4,88.76754293523116,88.75432249725785
83.3,85.65461607392484,85.48951560786146
82.0,82.46030247221066,82.17099935374821
85.0,81.83002321445777,81.52654811608797
86.7,86.66497058021915,86.09258127056624
91.5,87.07478905263602,87.31912938665421
93.7,92.74963414834335,93.24813003290599
93.8,94.10041207544405,94.50122626508191
93.1,93.61280266760306,93.83641937568554
92.8,92.53958414581993,92.8450643702012
93.1,92.44428811834577,92.69074187294338
92.3,92.88870626386458,93.20925812705661
91.6,91.8876796329234,92.00864499451566
92.9,91.41241065623515,91.3450643702012
93.2,93.51133331728626,93.37345188391205
92.8,93.21144212778181,93.30925812705662
96.1,92.72089954346797,92.65432249725782
96.9,96.87334577488156,97.30183939762287
96.3,96.75518088524916,97.19135500548434
97.6,95.8376898927122,96.08148374588674
98.7,97.74358311380476,98.07345188391203
98.5,98.70655567261377,99.10061313254097
97.8,98.17315784494077,98.42716124862892
97.6,97.33753470977449,97.5450643702012
97.0,97.28060181633634,97.52716124862891
97.0,96.55312127536206,96.78148374588675
98.2,96.72761485143664,97.0
98.5,98.31039093698949,98.6370325082265
99.1,98.28456785050467,98.60925812705662
99.4,98.95573911841582,99.31851625411325
99.5,99.1927833747905,99.40050005878041
99.6,99.22027109826683,99.50803695190969
98.8,99.27931478034338,99.61042529140792
92.2,98.23688547318694,98.36108674550358
91.4,90.05677709435577,89.93888558016407
94.2,91.02683302837404,91.90160668080027
97.6,94.87812645319802,94.2691972467087
98.7,98.37751224969487,99.06675579698297
99.2,98.7308963269462,98.84326241611761
99.1,98.98933270598327,99.79530464474868
98.2,98.7346426125242,98.7725536322965
97.9,97.66666977618216,98.0326229261605
98.0,97.51197320901919,97.75997056612312
97.4,97.75230674818859,98.01250321581391
98.0,96.95012382904345,97.14601546612793
98.4,97.8768102444818,98.37137876982531
97.6,98.22215709237048,98.31431737443657
97.1,97.03871902418861,97.43743722601481
96.2,96.68866064442469,96.97552879410769
96.3,95.69472294481577,95.80642566772
96.0,96.11822580415694,96.45079474950246
95.2,95.68514154279927,95.71026241656334
93.4,94.71184518986986,95.0645725577529
93.1,92.6936383376097,92.69816745042827
93.9,92.82736619438047,93.20676011521523
93.9,93.93986428546066,93.93650423191535
94.2,93.6981708670882,93.93556320211984
93.1,94.0805490538656,94.39119955401074
91.8,92.60322248876115,92.58580939949184
92.5,91.26218345830473,91.54913913865485
92.4,92.57504788328987,92.69846740218476
91.2,92.19429599815307,92.16093987807766
88.5,90.68739673789503,90.9462441764019
86.5,87.60652048768533,87.51171060462454
84.7,85.87298060484147,85.99181539882268
82.4,84.16015305330001,83.86333366008776
78.8,81.77972798297893,81.68860509294886
73.9,77.9184702960029,77.49363497573202
70.0,72.74212199351867,72.31744224993166
68.7,69.3082563189212,68.73772111254983
67.4,68.60049170019997,68.21007923547067
66.9,67.5020320437285,66.7675719327277
68.0,67.25056227000942,66.96032169743424
67.6,68.88770132745002,68.28770935671874
66.6,67.95688987721678,67.33618121978215
64.4,66.7489266014412,66.45198863592202
66.8,64.38539519163014,63.533393188878826
67.3,68.2027610476012,67.98577815773093
69.6,68.01228083081112,66.73459204706427
69.4,70.8838753478085,71.16019915225365
67.3,69.79303037600117,68.58521872355401
65.6,67.1478086148064,67.20278246340013
63.8,65.68039126627012,64.74240917858602
60.1,63.8667584957651,63.255190935944974
60.4,59.70164653539967,58.672020385877836
61.5,61.1410542635998,60.977053016285325
61.8,62.399915616482154,61.255329440527106
64.5,62.65744357515091,62.256723856044694
73.8,65.93720130453157,65.4856184381265
78.4,76.98535827040558,77.09271506064611
76.6,80.11679796433073,79.11887894325773
76.2,76.40606029506502,76.74721011081223
86.9,76.3193342158092,76.25233336147355
94.3,90.40137440734551,90.71977377566832
95.2,96.25909245161068,95.50813664796807
95.5,95.23956025694909,96.5021639904288
95.5,95.23176935522031,95.60495850626793
94.9,95.14011428277473,95.42395079036862
93.0,94.47257104334861,94.55080888722556
92.4,92.41726044867548,92.387881513569
89.8,92.066762884658,92.33398380983274
90.6,89.15543595766991,88.61258532275401
91.1,90.79526613175034,91.39826322629143
92.8,91.12275854702696,90.62797050050601
94.6,93.13470754378994,93.92458984125928
97.0,94.95783269496478,94.81213775142491
97.6,97.49846406738467,98.13947737171426
96.9,97.46186547923315,97.45792022394114
97.5,96.39672835023441,96.99209054443635
97.8,97.47513580234485,97.62991200149483
97.8,97.57886618292899,97.7844267392359
96.9,97.48119223767084,97.86869655917961
93.9,96.53041314854157,96.53169798537618
95.3,92.78687977803457,92.90208458344362
97.6,95.47761573555204,96.13400004744585
98.1,98.11033059007728,97.78595488473486
98.4,97.99979504571066,98.5362253219843
98.4,98.16816934433375,98.54457315000225
98.8,98.06695479039743,98.39063194640933
99.0,98.61307403353992,98.94223565622028
99.2,98.7171694452094,98.99960289642864
99.4,98.9504806728788,99.33398761735657
99.5,99.19966104910715,99.43197787066252
99.6,99.1978625651044,99.55359653033403
99.7,99.3284734474424,99.62229140515592
99.8,99.40599682068508,99.76058333106086
99.8,99.49598688423502,99.71415972272689
99.9,99.46906685341395,99.85383285034061
99.9,99.55139334679741,99.8377185253268
100.0,99.22468517823401,99.23724550910858
100.0,99.74572635244088,100.21583447712763
100.0,99.8123852628605,100.21368634632151
100.0,99.78835499258928,100.38344984362097
100.0,99.66059357174152,99.94074246652484
100.0,99.66840051076593,100.05043069118126
100.0,99.6493146509029,99.91691660176822
100.0,99.61495347786138,99.94551893864508
100.0,99.65584615168098,99.98160508576545
100.0,99.6694081204787,100.02850347451563
100.0,99.62466241634598,99.93276816372332
100.0,99.69932522476138,100.09226919703671
100.0,99.67128046227431,100.00207008876025
100.0,99.6102935460129,99.92468056878437
100.0,99.64668495033807,99.96363719711702
100.0,99.61740190511573,99.91781375435369
100.0,99.67565141006196,100.05228928441068
100.0,99.63712665367147,99.95219339645627
100.0,99.61758928866382,99.94561050828976
100.0,99.57356934292439,99.8229842987071
99.0,99.66505965226747,100.04269983546916
95.9,98.41985234480028,98.68712026227588
96.6,94.69830339331958,94.85693962760409
95.7,96.57784160373296,97.19105947097496
92.2,95.13082446769282,94.60869216293361
90.9,90.9349005227522,91.3842834440793
89.8,90.45603040880306,90.60706897398516
87.9,89.3722004180243,89.1529548903861
91.9,87.2338690440368,87.2304520532394
92.1,92.87791953232352,93.32213066979298
89.3,91.96036519821776,91.19790993458666
87.3,88.30934702427203,89.02622168889079
85.7,86.57858388971681,86.2411391694589
84.0,85.0801716817471,84.86775454715095
81.4,83.34019537292173,82.9155561082894
77.8,80.60165690346878,80.33611728610687
78.2,76.90512465545207,76.57838647580505
76.1,78.49398419254688,78.50769301173615
73.6,75.71328837275512,74.75325929533146
73.5,73.22994293285652,73.51617483564277
74.2,73.7629300989497,73.1338548929924
73.2,74.68650637789824,74.3489751232864
75.8,73.13753025773326,72.51012359187013
81.1,77.02876810414631,77.48319441771942
78.3,82.8394458003959,82.36143958374515
81.7,77.75474070559225,77.38642586490495
82.8,82.80738538568379,83.88174031393498
79.3,83.11584499548154,81.56128396378118
78.2,78.34518694895637,78.84623490035251
78.5,77.99606422386059,77.63445035488863
80.2,78.618417639204,78.1406251412501
84.8,80.94099446206843,80.93103731380715
84.6,86.2907920604236,86.51008161521669
82.6,84.56766603178527,84.13598445973597
79.4,82.19791461722748,82.83966482079192
77.3,79.03590948547176,78.8081121904425
76.8,76.98811933232265,77.02793625486484
77.7,76.73159367813675,76.06635743744086
74.9,78.21440421734097,78.08549293999853
76.9,74.92582371930067,74.75273565582178
75.2,77.99326246864234,78.76826664516521
72.7,74.93648954009086,73.45859218965944
74.3,72.32831897402895,72.76760277467974
75.7,75.14735759132722,74.41236505642173
79.0,76.42074989080233,76.01539616187574
81.5,80.15044814143221,80.14963041226427
82.5,82.41387418122926,82.10483085609724
85.8,82.8052500492105,82.77220777383678
88.7,86.92131720888548,87.23600345696802
86.4,89.55883222201976,89.34271216012634
86.1,85.79368732459795,85.8412266993092
86.6,86.10616219624085,86.62001621992941
86.2,86.86956510030252,86.44132948154729
87.0,86.10005170204003,86.2057316343082
88.6,87.212399463516,87.23274040190036
89.2,89.10391035277719,89.15121629950376
88.2,89.33837474918975,89.34549687885284
87.1,87.86747989963794,87.94347851490083
86.9,86.7238161865134,86.6967677053248
86.2,86.69715570777744,86.51307123515016
87.2,86.13611926658751,86.10972456121453
86.4,87.61146612596954,87.895797127174
84.6,86.16554522480007,85.82082691568269
82.6,84.12842189124977,84.32367104010035
80.7,82.11214741248367,81.74126350176618
79.7,80.32115763216417,80.19005589662451
87.5,79.60688447052434,79.3064739947019
91.6,89.90914288851255,90.55187933679112
90.9,92.75724798634195,91.87751815777723
92.2,90.59079881406953,91.64209583883171
92.8,92.47657732741101,92.57934224003756
93.5,92.84320345702017,92.75670470764618
96.2,93.5561927578183,93.87203867486107
97.3,96.7937816871807,97.12287109771573
97.7,97.37820243761455,97.45739221817726
98.2,97.54750016798053,98.11024481988304
98.3,98.0874391394343,98.2670700001227
98.2,98.03385777874212,98.34499737661957
97.8,97.87145875602573,98.15587389217053
97.6,97.39124557384123,97.66834694991653
97.9,97.26503615137783,97.55731132713113
98.2,97.71038811559971,97.98454493953984
98.1,98.00326639522594,98.27054016104321
97.7,97.78468418056883,98.07874570143707
98.0,97.30101401051894,97.58470787996369
98.3,97.80762179761663,98.14105498038975
98.1,98.10186640114439,98.3055354857541
97.3,97.74941045949478,98.0757033946065
96.4,96.78791830393558,97.02384374177262
96.0,95.88479856297948,96.13844294952007
95.4,95.64761713101305,95.84667613398993
94.8,95.00389010876462,95.14339725725155
94.1,94.41706445659219,94.65276278928103
94.2,93.70732333013781,93.82864350747944
93.9,94.05190003827246,94.30217882228814
93.8,93.63925746008465,93.66522142335432
92.3,93.54541320203506,93.80110671663233
89.5,91.5564041606122,91.3353060644788
94.1,88.6676407296433,88.89783575990789
96.9,95.2726582951746,95.82945082788805
96.4,97.33332697898881,96.64079854097139
93.4,95.98531380899958,96.86974251548624
92.1,92.26409181826392,92.09074364950341
93.1,91.47917665603677,91.90435821548138
93.5,93.48686716244757,93.51110041828001
93.5,93.40144734567052,93.50617590591217
93.2,93.17808719324424,93.36494453287388
92.8,92.88179446943192,92.92318744881722
93.8,92.46882681515295,92.58390983193026
94.9,93.86190195519445,94.06906339832615
95.9,94.91704961316958,94.91724401152536
97.1,95.81327111082445,96.05707426035568
98.6,97.26041170757088,97.64933269609945
98.0,98.61564238389434,98.86933670663186
96.6,97.40046096733761,97.53243583072653
96.5,95.91909653521067,96.36751923269786
93.2,96.23085694187559,96.51577232167557
90.6,91.93295293988508,91.68333806162983
91.0,89.83987298359307,90.50742587239105
89.4,91.22746942108928,91.30874559322068
85.7,88.59675191199037,88.21273822188705
83.4,84.8025065311342,85.17451038015962
83.9,82.78536502575,82.59444589496536
81.7,83.93088224482362,83.70882773077194
80.2,81.15492387080154,80.5512769305888
80.6,79.94564597001931,80.29445181206992
81.2,80.97701886123077,80.62691339437224
80.6,81.74357234385363,81.85715260032751
80.5,80.49496161224116,80.12878000403931
79.7,80.53683707649637,80.52286420305057
79.0,79.49886176888299,78.86774979486522
77.7,78.90518073143937,78.88794852701925
78.8,77.53817462431722,77.07396771994688
77.9,79.40866463660221,79.59256236128937
78.7,77.68940680396844,76.76969641323099
80.5,79.27258869420076,79.91081411973168
79.5,81.0777175961777,80.29731939664298
79.7,79.2726193464181,79.18519207736233
80.6,80.06064238329758,80.1568290771393
80.4,81.07613598755849,80.80533114234139
80.5,80.6508807649994,80.65831502776946
81.5,80.77503307395669,80.76788811883736
83.4,81.95766226598033,81.8350499703734
86.0,84.23802893092395,84.32525623071751
87.3,86.91821495955816,87.03877850313646
90.9,87.51988500549412,87.35485650705928
93.3,91.91470557896763,92.46535478317567
93.9,93.8902132827391,93.67588174438988
94.3,93.8579285571606,94.42058145952008
94.2,94.26908837897454,94.44985314906705
95.5,94.0438616720025,94.30449372739564
95.8,95.67076307914992,96.01175028936406
95.9,95.58908155523277,95.5662281765199
96.0,95.6445558688004,96.07822011499444
96.3,95.7920909865514,95.9163157498785
96.4,96.10966157355968,96.4207100277358
96.5,96.22850801385432,96.48325321689568
96.4,96.20463869757012,96.47449661884123
96.8,96.02693525331948,96.17777564302806
96.9,96.57196697935107,96.8320478063497
96.6,96.58310224932859,96.70887055249548
96.4,96.21023398652547,96.53648631156146
96.1,96.49980465510879,97.18275929533402
96.5,95.846906438826,96.10155421869946
96.0,96.26259579032877,96.57218269122602
96.5,95.6837088617607,95.76429715746309
97.2,96.4094922975018,96.90812882597577
97.4,97.16981724762415,97.30134138730985
97.4,97.31628971311031,97.82142356376792
97.5,97.14090607052604,97.39232771160549
97.4,97.25915458378987,97.60164821933377
97.4,97.1179140713177,97.31624353707018
97.7,97.12526952995869,97.45969857024001
98.1,97.50700325152256,97.75393659466447
98.2,97.91428205217588,98.2005408241056
98.1,97.93414665684894,98.20801945977604
98.1,97.79799166649863,98.13727808740181
98.3,97.82103316223437,98.11832881106017
98.3,98.05625028912628,98.34527460046995
98.7,97.98502797197551,98.23326612130872
98.9,98.53903035771685,98.93749178865423
99.2,98.66104140416427,98.90638465942283
99.1,98.95736722512115,99.3565454695911
98.9,98.7131247364187,98.90811076878391
99.0,98.49104324159381,98.84435274557364
99.1,98.70746386730366,98.98288165873737
99.3,98.7854320013698,99.07914702712414
99.3,99.01311615987524,99.34202684966648
99.4,98.94552763873739,99.22349771179927
99.6,99.11671283860389,99.50943473323518
98.9,99.30774650818009,99.59577218044207
97.2,98.36635242829674,98.64361064820528
96.7,96.32978206510896,96.50245826079653
97.5,96.16953569248261,96.39950205999985
97.2,97.7467474104068,98.2128535699292
96.7,96.91368508133034,97.12057309403151
97.3,96.22933680352529,96.64503828184488
95.5,97.06368900957708,97.10164165342637
93.7,94.70269395900212,94.67913797300866
92.4,93.04656429675462,93.53273178012105
90.0,91.85012902065188,91.79519042529067
89.6,89.18118892970166,89.51040004737344
88.6,89.40358134758378,89.57247962222485
87.8,88.24049904890978,88.37673693217907
84.8,87.59899970405837,87.66118060983885
82.5,83.98758922177831,84.12807835023685
81.6,81.9625119687486,82.11817501579158
80.1,81.53403726642536,81.47687711470365
78.3,79.89285508637465,79.7757192131801
75.8,77.9452284165344,77.95168866515911
77.4,75.2877359856987,75.29904525382683
78.9,78.17991403148939,77.89317392045994
78.4,79.41612551954779,79.13473593473766
81.1,78.40447543672059,78.23177420765278
78.2,82.14898010698731,81.76676857468686
78.9,77.44482180545357,77.36701743125806
77.7,79.17701722764916,79.25682892359205
75.2,77.50429261041506,77.3327253621086
76.8,74.8059861485323,74.7034788395948
75.8,77.4464693160596,77.28884649138747
73.7,75.74122819509566,75.44914606957815
71.3,73.4452918215798,73.28789359746577
69.4,70.99508284034752,70.83273303227668
68.3,69.22776351193963,69.06358164025455
68.1,68.46501259607608,68.12121273098175
66.5,68.50264030723228,68.09293434858844
64.9,66.53310345996191,66.12546869067883
67.2,64.93889634772788,64.616515242757
67.2,68.50833123471173,67.80401404128128
64.1,67.65284338525683,67.0547019424974
63.3,63.816865226886954,63.408142978689604
63.8,63.75807761983674,63.27537454106599
65.0,64.49530276238008,63.92423609399129
63.6,65.98498527809122,65.24966876196541
63.8,63.82861565692242,63.214573710574754
67.0,64.45096638011212,63.94108390948925
81.4,68.51556360953118,67.73412440411971
81.4,86.0190633529084,84.59505687934606
83.1,81.62477857556739,80.65523929602892
84.5,83.81896220443201,83.67342349400491
88.2,85.01514996715647,84.69812256483702
90.2,89.48240112225491,89.02136527220799
89.3,90.79864925959707,90.47437794610697
88.5,88.95716799838199,89.02437949366613
87.5,88.23266855586488,88.37608468142358
87.8,87.17101493468003,87.29556789736361
86.0,87.94424624475056,87.91556588625274
85.5,85.47601619344977,85.55148600399292
94.5,85.39940833288263,85.49980977903246
95.6,97.08184689175467,96.60567609813526
92.0,95.72841652306231,95.36013591058907
89.4,90.76777416325298,91.21098383110407
87.4,88.54511125309674,88.97396257956314
87.0,86.77999757754618,87.031483870893
88.6,86.9141076458767,86.99474528165868
89.1,89.06263079327621,88.97596380887731
90.4,89.19390782284576,89.13071068575826
87.9,90.71409704320523,90.69346667021463
87.2,87.08083746058074,87.24597112692788
87.8,87.00995074724185,87.19004184161422
89.0,87.94507125596459,87.94418672404815
88.8,89.35465415378349,89.24658395600777
89.8,88.72777073052718,88.69690582857275
90.0,90.04018173083146,90.0581646818109
90.6,89.98070804359033,89.9871910106419
91.5,90.70222008537785,90.74445833937531
92.1,91.65852829533709,91.67743407475628
92.8,92.15742961934124,92.19971658753151
93.5,92.88480470032047,92.941266613079
93.6,93.56678867831333,93.63076248506808
93.6,93.46302737667632,93.59280778689569
93.5,93.42586374779928,93.60154989176226
93.9,93.30504520094782,93.47678435821689
95.0,93.85752280755501,94.00039502844217
96.3,95.13062667815741,95.23541707545446
96.4,96.4820157292749,96.54902918768525
96.4,96.19107971871883,96.36515724674966
96.1,96.16977606278164,96.4077512686169
96.5,95.7644672823838,96.02857485103765
96.3,96.3714403501273,96.60995507392511
96.5,96.00932893947895,96.22779633617932
96.9,96.32082902390061,96.56416726029052
96.8,96.77803852526925,96.97838544964475
96.5,96.51472190603506,96.75789890227927
96.1,96.170221316162,96.43917716696184
95.8,95.75182516260699,96.02030609097702
95.5,95.44329892838276,95.74809793251808
94.4,95.11104301562041,95.4405471737429
93.1,93.87645188755542,94.15501071207886
90.5,92.60128504046111,92.84991791341595
88.3,89.5717026904254,89.94769750134029
87.4,87.57224060759155,87.91358660722425
86.6,87.16519771367584,87.27887130784204
87.0,86.27740736054567,86.44180766030257
88.0,87.0658018977019,87.13182070053051
86.7,88.24232507059668,88.20126749279079
84.6,86.20553680551062,86.34624314072857
82.9,84.03706922519905,84.1782200963656
83.0,82.44121965810874,82.55026408439781
82.9,83.11190061371525,83.06410538200382
80.9,82.82746662767543,82.70775360943722
80.7,80.36670782146145,80.35937696779098
80.8,80.78610113900112,80.73347345730967
79.7,80.9186757705541,80.7386144717995
80.2,79.47068484317192,79.36484664844818
77.6,80.4202071021873,80.2670251476378
77.2,77.16322235545387,77.05852296773058
76.6,77.37712784835841,77.31001638597769
74.9,76.63939256349228,76.40835302162354
74.9,74.84455170191012,74.6858405679619
74.4,75.0140273365787,74.80132074767015
74.6,74.66144320459667,74.34207695121907
72.9,74.91535356927137,74.59875048973065
72.3,72.63257697976165,72.3746030344054
71.0,72.6163197222685,72.36462654660029
74.3,70.9422696277375,70.62965991804549
70.9,75.54766380587047,75.05040380294396
72.2,70.17201744217074,69.80654023269048
69.4,72.9127632826349,72.66213008091079
68.7,68.96222461545571,68.58089775252414
68.3,68.95758215425695,68.71758731395703
65.2,68.57357654406266,68.1203002444092
64.0,64.74625553319656,64.43517050944511
64.1,64.37100602231382,64.0162315388995
65.0,64.67838440282316,64.11958491397301
65.9,65.680704693956,65.04683153372902
65.6,66.71794911284533,66.05843493671851
65.9,66.08646759616052,65.51846518255452
66.4,66.58765802129687,66.05075359730748
65.4,66.9817884381769,66.40984314885489
65.6,65.67266902436322,65.17415908204238
68.7,66.37387079350486,65.86369803367519
69.2,70.83276590140233,70.10173964953522
70.6,69.58687462239305,68.98917490866849
70.0,71.55043324553819,71.06380586700139
74.1,70.30879826131154,69.82309414695732
78.9,75.87761406696062,75.28971645461117
81.4,80.63149897516914,79.84666348253562
80.3,82.2377065181725,81.71700366714414
79.9,80.1148814094717,79.92767281750571
83.6,79.92653026447577,79.84223727026423
83.5,84.86069278795426,84.49394595982469
81.6,83.45670416586967,83.1752900653623
80.5,81.15898786088438,81.2060536078437
80.9,80.81838338732446,80.79656182723036
78.4,81.1057607559812,80.98060581963752
78.8,77.66130022287692,77.61200469804528
80.1,79.06880081944023,78.9443896668943
81.3,80.62242261495484,80.26759384520616
79.0,81.83177846203522,81.52085753268389
78.0,78.59488519108808,78.4926966904766
78.8,77.93438673759997,77.91045484678972
79.8,79.32897743044151,79.07465477813228
80.2,80.14934780620197,79.84135220647238
81.2,80.50999924613532,80.2479461896519
81.1,81.70328246159153,81.45336417586935
81.6,81.28150685871883,81.07893554820104
82.3,81.86692397529004,81.71156534684258
83.6,82.69612514306812,82.48886782783968
81.9,84.08631412443165,83.87003925765114
83.8,81.54411083119837,81.47018412688553
89.5,84.51019499294203,84.39087030492746
88.4,91.20628355301929,90.72528096307151
88.0,88.05371390260078,87.89225854926762
88.1,87.87857483190899,88.06109476808778
89.0,88.09877860464363,88.11422526004793
90.1,89.22613870939779,89.20709252448398
89.4,90.35451577300763,90.30363085756724
89.9,89.14717636535471,89.20924989778457
90.7,90.03214085125997,90.11791828142104
92.2,90.90421507864934,90.90277038586822
92.9,92.51235962057241,92.50841921386028
93.3,92.96261353790534,92.99155087618043
92.9,93.24457958261377,93.35672698201718
92.4,92.65206190849914,92.81373521173057
92.3,92.09187476191227,92.2930108843191
92.9,92.14764301217014,92.31189261760342
93.3,92.9515473491047,93.05801558735493
93.9,93.24946438194665,93.3514462283893
95.1,93.8927973544407,94.012863012329
94.5,95.24197695628348,95.33365350194833
93.9,94.110496875937,94.28970546365366
92.4,93.52722686843303,93.79349970822099
91.8,91.75000616486075,92.01778013780044
91.9,91.43982948248257,91.6824026616732
92.7,91.68204061899903,91.81751238650055
92.7,92.71998045120772,92.7934796746491
93.0,92.53227505954055,92.63198103418405
92.7,92.89555645594695,93.04500786517342
91.9,92.48757934353631,92.6398549382217
90.0,91.56664247804477,91.7783161352735
88.2,89.24772186742561,89.51755218142321
87.6,87.52396510350097,87.78424365625376
85.2,87.33455943165988,87.46972627999594
85.1,84.53590285873794,84.67447140803564
85.2,85.1055446868653,85.19435852395966
83.1,85.17304459458784,85.0987332162606
82.6,82.5732055320132,82.62244123127395
81.8,82.56226005877254,82.59988256843982
79.6,81.62598640219973,81.55656674630193
78.6,79.1584549373502,79.16820468802612
77.9,78.36595180205074,78.33379330077581
76.7,77.92941129978169,77.77806276449331
76.3,76.56471914689759,76.41717515964734
75.9,76.37058062351466,76.18540677261906
75.0,76.07700216721385,75.83327241523088
74.6,75.01186255507345,74.7795359859771
71.9,74.80604262882048,74.56828338780751
72.5,71.36727760818198,71.18896230499955
74.1,73.0563827094282,72.77574250536908
76.5,74.85243522743022,74.34292825779347
92.3,77.69843631125347,77.17358594175126
94.3,96.76823925522834,95.66213234161874
90.1,94.82165155530146,94.04821667181066
87.0,88.53212215286997,89.03329406639806
78.1,86.02789045566078,86.48871452967283
75.4,75.56296018043916,76.118216637641
75.9,74.70001227607945,75.07307434192596
75.7,76.31134358903607,76.031782265736
76.6,75.92660686828143,75.6275591967475
77.3,77.17234098459915,76.87351848034896
73.4,77.78634175878881,77.44587419201375
74.3,72.50499863573931,72.43869410387916
77.0,74.90767809849274,74.75055779855306
78.9,78.08843312712682,77.55156193643744
79.7,79.61640939883463,79.1639694934542
80.6,80.13647253930755,79.83558153336169
81.8,81.17056981870088,80.93772756173111
82.5,82.2195597575229,82.02724416670749
83.3,82.88755267502658,82.68233948009525
82.3,83.56012926319586,83.41363218190477
83.5,82.31762452694869,82.24993560837245
82.0,84.12131988966614,84.03846858442773
81.5,81.710905447776,81.65164193769778
84.7,81.38818116669512,81.40812422772291
88.4,85.73201398577962,85.44911742312148
88.4,89.6925962137257,89.27969462242368
88.7,88.28563749480959,88.18919970841552
89.6,88.64343150347983,88.7219677168399
88.5,89.76747977043877,89.7488601893344
88.8,88.12113182223152,88.22853590740203
87.8,88.6955086530017,88.805375078097
85.2,87.5271887020759,87.58546228392429
84.2,84.49949574146486,84.70896399099526
86.4,84.00029101171127,84.14255659419588
85.6,86.93874399335819,86.80981255265603
88.4,85.35612044492683,85.26585514848645
88.8,89.26605454056607,89.17379167084232
88.8,88.8954457215552,88.76390106194069
89.8,88.74993749970743,88.8289570162328
89.4,90.06466591394584,90.07832096022283
89.3,89.17571656025598,89.23628050468209
90.0,89.21985491636195,89.34054393985436
90.6,90.1532165743235,90.19008464113865
91.8,90.73122833634218,90.76251820384385
92.8,91.91881814631755,91.95536347052995
93.4,93.0666656823606,93.0949309486898
94.4,93.67283948948719,93.76369397896329
95.1,94.35371473154184,94.49234502853865
94.5,95.08895027533882,95.2215514779203
95.9,94.11972203199376,94.33643186326569
96.6,96.13356484520656,96.3117229766624
97.1,96.59765140553324,96.72382080699299
96.9,96.92516921180315,97.15204499899038
95.7,96.60603826234986,96.86671877492333
94.1,95.12625477359698,95.46825757093299
97.9,93.47996839952134,93.85704317938689
98.9,98.79071177802417,98.8811409701062
98.2,98.89903752985688,98.92492635703377
98.3,97.65843391873902,98.00999638501577
98.2,98.00689664970473,98.34215588051391
97.8,97.87255088999908,98.1616349259462
97.1,97.42003716333502,97.74622613668788
97.5,96.62517550643925,96.96943065374502
96.8,97.36900247681228,97.65482187412734
95.5,96.37903983744815,96.66169564964649
95.8,94.82582865016501,95.19762194308441
94.0,95.63848878088062,95.9100591698307
93.5,93.19209935346167,93.47649232430157
93.7,93.1685015174984,93.47472032668222
95.0,93.6003850158474,93.75779926575063
94.7,95.23341371223702,95.33145857445254
94.5,94.39378583936144,94.55236613284151
94.3,94.25596142027155,94.50314475589434
95.0,94.02606863984536,94.23711726265869
94.4,94.96323591254684,95.13732629737083
93.7,93.92722447159932,94.13015798856031
92.1,93.24306324855073,93.50710266847307
93.2,91.46927300083841,91.74024622806049
92.8,93.25281551171916,93.41818487836912
90.9,92.54564604890145,92.65034021133428
90.4,90.21046242953557,90.4959029270094
89.8,90.03954753972596,90.26986303183476
88.7,89.53685368950653,89.66450043939192
89.1,88.27077212451157,88.43346724982091
89.2,89.05434810986984,89.14298982005919
90.5,89.13743450697753,89.16203600117298
89.5,90.77646900925178,90.77690853874134
87.3,89.05497727454745,89.1399096538146
84.4,86.59664982083376,86.84931531648552
82.4,83.54888756837025,83.80683738002486
78.6,81.84788059866966,82.02492038942977
78.8,77.632318556694,77.7787426869358
76.3,78.92532952463758,78.90027734057507
79.4,75.87710994169326,75.72283560842843
83.4,80.6120160864555,80.34178295271363
86.0,84.8126983909097,84.23810848866579
82.7,87.60100198167356,87.22235446309234
79.6,81.6655079164588,81.74526749558092
79.2,78.59117411332265,78.88301028189454
76.2,79.2029499738276,79.11510370662086
77.6,75.1434614895232,75.06194746089967
79.1,78.27331751849552,78.05490130795312
77.1,79.83598231198975,79.36998861259096
77.3,76.71644703549896,76.55902221256385
75.1,77.65661569622924,77.51940284788841
73.0,74.74848815589648,74.57025302364495
76.5,72.49587576521692,72.43283548304824
74.2,77.95381726924967,77.49705926057611
72.4,73.9467345008379,73.56764429990737
75.4,72.28127106486983,72.22446334769565
79.1,76.63862249225772,76.18346899864596
79.9,80.47395251093198,79.82804323567353
76.7,80.36843227306493,79.97837481108388
73.7,76.00540941794699,75.96942693965804
73.6,73.15538069307365,73.21044640596755
77.3,73.86168557865022,73.63978404705705
80.6,78.76105738229325,78.21730328844554
80.9,81.67250120954661,81.080130848152
88.5,81.14265414501457,80.83223929740718
91.3,90.97109067357772,90.45684571859532
90.8,92.1833591863255,91.68691157731266
90.7,90.4702538448286,90.59264168500708
90.1,90.58698241208775,90.7404880415311
89.7,89.87822388508566,89.9964186476112
89.4,89.4322116835736,89.57427569604761
89.5,89.27476907563252,89.37464252156279
89.7,89.41134922590595,89.478015475354
89.3,89.56047156911585,89.61853810268916
88.9,89.09460512477696,89.17423349517729
89.1,88.84918183090706,88.94872903283553
89.7,89.0293798218996,89.09433257698443
89.8,89.96959233566491,89.9852239936423
92.0,89.72607861055153,89.77721211701073
93.1,92.53253776125719,92.51968376757453
93.1,93.3251015000477,93.28696975582614
92.8,92.89520395632428,93.03576966075056
93.0,92.5530081778599,92.73974819425102
93.5,92.93641153493834,93.09675141193387
94.7,93.49744091262538,93.62505451224256
94.9,94.91347620555257,95.01287175189246
95.0,94.79025085623238,94.92490366482188
96.5,94.82758551857215,95.04833311186783
97.2,96.73880166979538,96.89068995562641
97.8,97.17458230322048,97.30822113897086
98.4,97.65642715522227,97.88420127882416
98.7,98.36630676879075,98.59240282906062
98.7,98.49586646290588,98.76106103573437
98.5,98.40543536947798,98.71137047845777
98.5,98.12120940380228,98.44032339120122
98.6,98.13586754702835,98.45240083233573
98.7,98.25753477888055,98.55243981669989
98.5,98.64482353256747,98.92941222880697
98.6,98.1283689330488,98.45089707656768
98.6,98.27495829620258,98.5989549798291
98.6,98.31556102512882,98.60537361134611
98.9,98.29168148237628,98.59361437190346
99.1,98.66174144479552,98.95111525293785
99.1,98.81235694396874,99.09890397059026
99.1,98.81441813849267,99.12077339980125
99.3,98.73753788627626,99.05923820417303
99.5,98.97716608934039,99.28960893244786
99.6,99.27041971862145,99.5645769118382
99.6,99.19780816419467,99.51595467811104
99.6,99.27066750509867,99.59400320587588
99.4,99.28257354257867,99.61166061462679
98.2,99.07266168780168,99.41719487083122
90.9,97.49447330322016,97.90003418861787
92.4,88.54890742800636,89.25314615279196
87.9,92.71364637352816,93.12547013564696
87.4,86.53836289974346,86.71419959122797
81.2,87.20132111355306,87.52956316409146
79.6,79.43287361717712,79.6842546222341
84.4,79.24344216253088,79.49823282196911
84.3,86.03624898010453,85.60244642107305
87.1,84.31441788007429,83.97497324356954
88.6,87.86760077689334,87.7331691134919
87.5,89.02447511747714,88.77701704832906
88.2,87.13115726952863,87.1706600096458
88.0,88.33442389953905,88.38423565630517
86.5,87.9515338068231,87.93068355194369
85.3,86.05567032041323,86.17063807306344
83.9,85.04536337018448,85.16312713860725
81.9,83.48125629144604,83.55339029517957
80.6,81.32534340979774,81.40059602804625
78.9,80.25255800021473,80.26407276521566
80.1,78.53133955631851,78.47849651583414
79.9,80.47967416204442,80.2841916417304
81.1,80.08928151470074,79.82043526741275
81.2,81.4856968306401,81.2709277208965
80.9,81.57176935693764,81.34242514115859
83.5,81.1176508709544,81.00173330718633
86.6,84.45454198990116,84.21745168844535
92.5,87.3001677637322,86.98776897697488
95.6,94.05297533151793,93.62974168240854
97.0,96.34941274080536,96.04012566398896
97.0,96.995837958216,97.07053824950341
96.6,96.85560650831515,97.0553183108649
97.3,96.25654679673711,96.57048671930797
97.0,97.08644741263633,97.36797312869724
94.9,96.6635312161822,96.92422712628601
94.2,93.8992305137216,94.31389505085465
92.6,93.69218583274655,94.06565650597679
93.8,92.16487081742743,92.43685723596195
92.0,93.78109913588341,94.00072668782202
91.2,91.22401490347828,91.4399065607773
90.1,91.00195205459198,91.29778890795012
90.9,89.804445621403,90.00974276864383
90.2,91.0059619146086,90.10980009019987
89.2,89.69846011710685,90.17831558540651
90.8,88.70582100409806,88.99901864157032
90.5,91.20916009255384,91.18106065252009
92.5,90.49186351644326,90.35575831548147
95.4,93.06041361536798,92.95416044560233
97.0,96.0197235202499,95.91804100820167
97.3,97.60906061704195,97.22916432431767
97.1,97.12652086240715,97.3150033503451
95.3,96.68686642525668,97.05446121519319
94.2,94.52909019758165,94.92839634079259
93.9,93.63623339765334,94.0457220124059
92.7,93.6070610856859,93.86913534903583
97.2,92.1703576722548,92.45237128638222
99.0,98.31652045312326,98.20557150381056
99.3,99.23997886502609,99.16826392832527
98.6,99.04088446766463,99.32790235877546
97.7,98.05556903060821,98.44582664026746
97.5,97.14213845373874,97.5420301878105
96.1,97.18538513809992,97.4910977960343
95.0,95.40924960677127,95.80535853010295
93.2,94.56154344555395,94.82942103583218
94.7,92.5040387223017,92.85488047609061
95.6,94.93692402269721,95.0908055423639
97.8,95.63473996949494,95.70784993254178
97.4,98.20408664930955,98.24312784685476
95.6,97.0208363624618,97.22142130566478
94.6,94.87275210943784,95.25657485894565
93.1,94.08137691531687,94.46093416143086
92.9,92.48004743696376,92.81174733875632
92.3,92.76351083340616,92.91869235499136
92.4,91.99216800110644,92.1689578652138
92.7,92.31366753963383,92.44893587955903
92.0,92.67338328049325,92.75317663624803
92.1,91.66273553030418,91.84047342190544
92.9,91.99937318497514,92.15496902709867
95.0,92.98730551146542,93.05780128586234
96.3,95.44562859539609,95.41136740033448
95.6,96.46865913586612,96.48821682854383
95.1,95.17087142417722,95.41187123385896
94.9,94.71472532579533,95.03394411304167
94.8,94.64531875101804,94.87162996702091
94.2,94.57100702352145,94.78482841477293
93.6,93.83121535866657,94.07613041710117
92.0,93.2647371429731,93.49915319659242
90.5,91.39127318930666,91.68247185589391
93.2,89.95472439317108,90.24954654753556
92.7,93.87418022496769,93.82492079606135
93.5,92.41749052085655,92.46173614981338
94.6,93.59383381099482,93.71990947569039
97.9,94.74604760688365,94.78640757426564
99.5,98.63758094714697,98.55947444643645
99.8,99.66701947679958,99.69920801568927
99.7,99.54744328646218,99.82134824632446
99.6,99.27431165308164,99.67429783458188
99.4,98.87235185467739,99.58426334708186
99.7,99.20319686904116,99.36097210161132
99.6,99.18758839289401,99.77180780431262
99.7,99.26937148385399,99.56361024785836
98.3,99.06278535585236,99.7288880315708
95.2,97.5675004192611,97.99735436923233
95.5,94.29398880906498,94.60750635539559
96.5,95.2653842115085,95.68903461717046
96.0,96.6945019219269,96.67176652361444
95.8,95.6370213033282,95.8577164908825
95.4,95.41461699534004,95.78777535859851
93.2,95.10199322006095,95.31786723983531
93.6,92.33289096467267,92.75142512742758
93.7,93.46286636908061,93.77973240162208
94.9,93.50486333509502,93.6831122786052
96.4,94.99015360392227,95.15774290488675
96.1,96.5185967904762,96.66311626510922
95.8,95.71824967503537,95.98072915897954
95.1,95.39299002898201,95.7617206603254
93.0,94.74440188942863,94.95984425496515
95.1,92.15603845100323,92.58489518587523
96.2,95.5765645435322,95.63271177733975
95.3,96.26988296292637,96.32015448249318
93.9,94.75811689170226,95.08392617894965
95.3,93.40481287866196,93.64923851463948
96.5,95.61609339090187,95.64963953784027
97.9,96.88461709555327,96.68011059842618
98.2,98.11369898417006,98.15837867575968
98.6,98.01923543788935,98.20881560461687
97.9,98.40474534840686,98.68285481120381
97.9,97.37130951286848,97.73418743603317
98.0,97.65594918732873,97.93511993025498
92.5,97.72385321194254,98.01374192322868
92.4,90.56000579654986,91.33216188716254
94.4,92.23481855291864,92.62617345241684
93.8,94.75279756029273,94.77570533345121
93.0,93.51398696716359,93.59334073100108
89.8,92.49222022860465,92.87432746595508
91.2,88.73383878121243,89.14884206840371
93.7,91.46504553840957,91.63444550748294
91.5,94.34218368870305,94.13749477108126
90.3,90.65389802846724,90.94136541772079
90.5,89.81063504994398,90.1641555971427
91.7,90.57419725529871,90.57113352403883
91.6,91.90018564821884,91.93909956492124
91.6,91.54743298837582,91.52817701635739
90.9,91.5958630164035,91.61521246711278
91.5,90.62700382324485,90.74851442278211
89.3,91.54222850408283,91.65916840333522
87.2,88.55507999181913,88.80031633428293
86.4,86.4703920221585,86.86104499742753
83.7,86.14857205590607,86.3023483639195
82.9,82.96854068148603,83.14880960252022
87.1,82.71273980389793,82.84730088192215
87.6,88.65397939318123,88.00074294039742
91.0,87.77009165042894,87.51512064116112
94.2,91.93731622791348,91.73811487562506
95.6,94.96227667905256,94.72143958090608
96.7,95.77478182687973,95.7860834903291
96.1,96.79058754514224,96.89357208712447
93.8,95.60673493806502,95.93191746339747
92.7,92.88184955545309,93.34844921981379
92.0,92.13035514170579,92.56265521243425
95.0,91.76189674563432,91.88082681224176
95.7,95.73779628467707,95.66065647974176
94.9,95.79082921465421,95.70833315434247
93.5,94.39270311273839,94.72879099554257
94.1,92.81315322096313,93.23973592212205
95.3,94.07363254720805,94.28220823376196
94.4,95.38803482033714,95.51557338593187
93.4,93.94066239889722,94.16371597802397
95.4,92.88996565568779,93.23824113661145
95.3,95.80554318601602,95.85787133793724
98.3,95.06070728013101,95.18184006078376
96.4,98.8771151476992,98.96044186863344
97.3,95.57951959028603,95.85768560779067
98.2,97.34165021169694,97.60548940109437
98.6,98.2764511062908,98.32592031791746
98.1,98.45001691597805,98.65805144730149
98.3,97.594802894639,97.9818019127197
98.7,98.04732573156993,98.36739594615271
98.4,98.51167648755424,98.77044720191395
97.4,98.00271753380106,98.32153743007693
97.4,96.78638464786457,97.20481376382232
99.1,97.1016395324851,97.44134142092312
99.5,99.22377096326835,99.45131218178172
98.7,99.23265162695753,99.51031232338
98.4,98.30524046271215,98.52837179764285
99.2,97.93195891287607,98.3728102112888
97.1,99.16901324690696,99.3752029339163
94.5,96.22926129362777,96.61810064060612
94.6,93.66024928773028,94.05137569197711
94.7,94.46660864664639,94.71620137203719
91.2,94.5250551651068,94.6965684683816
91.7,90.01292007819917,90.45940931251809
91.4,91.73982087025557,91.30860009139987
92.0,91.21246367439346,91.42274258321186
90.7,92.07157545004605,92.15301537981337
89.0,90.21750494678928,90.28928756140556
89.4,88.44146573330306,88.63485670144836
88.2,89.41347247804121,89.6167525993211
85.2,87.66807919844996,87.79864575070766
82.4,84.38567952489181,84.46382476184664
82.3,81.72471954032235,81.81533515530263
80.8,82.35580197493212,82.43730162750978
79.2,80.51121484868219,80.3361657009421
78.4,78.91437982442253,78.87813345282251
78.3,78.28183203841434,78.264548662732
78.9,78.56875956639009,78.31004307691198
78.5,79.31310783015049,79.06713002131748
78.5,78.67780799764883,78.33933665519774
78.4,78.80171578307997,78.5455146252055
78.8,78.57628719192014,78.35877688444556
77.8,79.14598445053643,78.9249949374649
76.3,77.72222124736042,77.48129803970025
74.4,76.03172143648152,75.96534782654302
74.1,74.3097814253529,73.95654963035265
72.5,74.38685519941487,74.14063832866248
69.4,72.34526282033869,72.03522044048847
68.2,68.87358973132648,68.6534633781569
67.6,68.43758992292172,68.07153749521005
68.3,67.9847044946546,67.46641724413718
67.3,69.07287134576475,68.5361472478838
66.1,67.52724741650357,66.94980948980314
64.2,66.32456610873882,65.85925584972684
61.9,64.20283807790398,63.729946247457434
62.0,61.89713277876491,61.381591039314294
61.8,62.72333567229873,62.175190253283795
60.6,62.139940345440294,61.69371163795958
61.4,61.040813592776416,60.29016034524934
61.7,62.45205033695537,61.71440859137063
61.2,62.423981930466375,61.69591816268496
61.5,61.71466179016418,61.059510398373796
63.6,62.13678726130819,61.62478713890595
62.8,65.00855285481792,64.15956181657003
64.5,63.325290152949094,62.41484714138717
66.3,65.47835796602556,65.09070692803475
66.7,67.39280624491204,66.64258293951146
67.9,67.4065709351913,66.7162657885142
69.8,68.84350725323245,68.23534232120593
72.1,70.83150414663086,70.24325485637598
75.1,73.21102059027075,72.62600087106478
76.3,76.30525649063351,75.80086392917312
77.9,77.00218204276935,76.44140120895771
79.8,78.51602583797232,78.31320923189536
81.0,80.50406708161552,80.22119579081688
80.9,81.52445366433444,81.22062892897605
81.1,80.90037934686409,80.80916841952752
79.8,81.31402825783628,81.1823902328152
79.2,79.82483641548978,79.40838003583356
77.0,79.16684764133879,79.1409676224347
80.5,76.76213470036868,76.39348120112805
85.7,81.87021360346796,81.66334353837846
97.3,87.3659090897423,86.8435521036872
98.6,100.63654077201733,100.26222705662714
99.0,98.64478182195673,98.12910452859091
99.2,98.69746885570945,99.2467176381964
97.1,98.91700243062405,99.18676527122219
91.4,96.1687443145525,96.50883628852355
93.3,89.69460764337802,89.95270802936058
94.7,93.70799940846132,94.2482607229703
93.8,94.87069451928781,94.82797408089515
93.6,93.28704268845186,93.50878326309905
88.5,93.42399164035659,93.625840963274
92.2,86.950841720038,87.04789074263621
95.3,93.14130122694996,93.65955085246911
93.2,95.99634329881826,95.76472596602814
93.8,92.51513253603552,92.47343389220333
93.9,93.7693749878633,94.17580544137799
94.4,93.91216000832961,93.82186655077172
90.8,94.21733648312954,94.56378052686985
90.9,89.67647770618746,89.7337514400247
93.8,90.86676058185724,91.23038877765838
95.1,94.52148814923557,94.52795006136999
94.6,95.25785965749226,95.26205711755607
94.3,94.27355017038852,94.41244457715428
85.2,94.0404537176999,94.26814536139611
86.8,82.43786682541047,82.63106781487167
85.0,87.26189857856384,87.98102474554341
87.4,84.52893481165705,84.15549981740573
91.4,88.23037268076193,88.31914064139329
91.1,92.52266490093172,92.27278252043372
92.4,90.86414330243868,90.76776020422831
92.4,92.65478487624691,92.86240032311962
94.3,92.31710453020204,92.26900573103597
95.0,94.57271542457151,94.87536423793604
91.7,94.90244414312085,95.03530830261579
89.3,90.60283516983559,90.75513415318738
85.1,88.50735741701405,88.88777227196687
87.2,83.67775041229358,84.0269547728231
89.7,87.92687968787922,88.09889803086567
90.1,90.3742600792553,90.1535792288566
89.1,90.17703465633839,90.08482143812448
87.3,88.65825804243971,88.82100805752711
85.8,86.66904083730797,86.86911072803763
84.9,85.4179429739539,85.49712958391538
85.0,84.61138971053236,84.73083802192423
84.2,84.9496836288785,85.07625140984564
83.5,83.92004136405295,83.95176506779443
82.8,83.40617600363299,83.37201861278996
83.7,82.61168973671867,82.63795175680086
83.3,83.99279752844414,84.00086967129222
82.0,83.24592298724303,83.10144929482188
80.9,81.7325143128219,81.6879683296873
80.2,80.74058623734955,80.67677494985769
78.3,80.12176567812178,80.06493351562642
74.8,77.93776089388231,77.80000862004196
73.3,74.02828352247491,73.95012183941196
72.0,73.21789868386819,73.11582574485075
70.6,71.93114305902938,71.68389559775423
69.6,70.53427981738506,70.29294114999044
69.4,69.67337562566483,69.4036953807348
69.5,69.80076483783728,69.3989531285475
69.1,69.9010954951821,69.52862576082931
69.0,69.30168288057516,68.97857379116824
67.9,69.41769997376684,69.00606987154259
66.9,68.03099536190415,67.58665935770034
66.5,67.15029147350465,66.70547496164703
64.3,66.8346391530491,66.44179060643864
65.3,64.15866103930293,63.6932480564208
68.4,66.07940009940076,65.75517982088705
67.7,69.73221870450482,69.14925615009706
68.5,68.00962226165262,67.28943746266698
66.5,69.19499512841949,68.84294256877534
69.4,66.35454404568645,65.83626333357458
69.8,70.78527607623747,70.4095777534264
68.8,70.34572647701557,69.62731155625474
73.6,68.91678807822107,68.56562933220732
75.8,75.42562963373507,75.02619646299621
75.8,76.854984276846,76.01921227902208
78.1,75.98228684074367,75.73789893561339
79.6,79.10801203573882,78.76916411316707
80.1,80.30227300389029,79.83536908212024
79.3,80.40025769306446,80.17496779716559
75.9,79.28496842488431,79.05212870487736
75.1,75.20154661680505,75.00702745060765
72.8,75.24017077404608,75.12633837074162
71.5,72.57388432410768,72.14096716848647
73.5,71.51609686744716,71.31841918902786
76.3,74.52570742482453,74.11802418646958
73.0,77.5165637275633,76.91813608749726
76.9,72.38647135701797,71.890023759022
84.4,78.33726107823237,78.31928571932323
85.1,86.78581188045108,86.12261713963032
85.9,85.28245863344448,84.81030084120135
88.0,86.13888573284142,86.20870295188058
88.5,88.49996615627855,88.50745995533214
89.0,88.80831622866422,88.4978866550338
89.4,89.2996474759247,89.14224464662392
88.8,89.98305495720336,89.47302000539116
90.0,88.45411279058114,88.60933887976202
89.3,90.30297649486852,90.3939630396304
88.6,89.04496769718976,88.99008912519078
87.6,88.2404468683131,88.48949090813682
85.8,87.01805709390294,87.34801442508638
84.2,85.4665382925223,85.36146004269223
81.3,83.83234648548972,83.87096777053063
82.0,80.50102559447322,80.57166563950769
82.7,82.36383376542271,82.40463556367479
82.5,82.76599039522873,82.78367435419025
83.7,82.83608087026772,82.4196373514614
86.7,84.26990533192014,84.06271637533175
89.4,87.47874188987132,87.44712110522224
92.4,90.23047101623607,89.9532347846793
90.8,93.17997387006044,93.09314878187199
92.3,90.22646526222671,90.15036951038334
92.0,92.43204928883272,92.90897291902908
93.0,91.8332412781646,91.7424953290841
92.5,93.29730759477019,93.35624089527913
93.2,92.22377046053434,92.25743388461001
92.1,93.20832163202695,93.46702135154834
88.4,91.62053837770533,91.7127339155038
87.6,86.74845664668277,87.46152929434363
88.0,87.5658162353041,87.63922763015825
92.5,87.97162568145768,88.10220389235675
88.7,93.88489991756258,93.74586004241307
89.5,87.64904493789163,87.27054869016654
89.7,89.59874737042558,90.13158551134275
91.0,89.76616928133603,89.57773531780343
91.6,91.27414980503153,91.40291607294036
93.0,91.76155689061167,91.6558322813781
91.6,93.28699616129911,93.38079183526087
90.4,90.86982760677192,91.0955160864436
91.8,89.86509138196757,90.20296592207866
91.9,91.9153628437763,92.25242682820064
89.8,91.98148007361007,91.80016033204303
88.4,89.16812428540683,89.23337076682996
91.7,87.91255152848558,88.16391280689342
92.3,92.52700100143203,92.70174488142447
91.2,92.26465998737187,92.18618892673517
93.0,90.69726967861178,90.92062065907189
97.4,93.35978963611313,93.58907133720436
95.0,98.48901354189564,98.4796052452755
93.6,94.00038916218496,94.01425599724249
90.0,92.9637304398192,93.4826446288864
87.2,88.77429026883047,89.01339496446568
85.6,86.38672119806562,86.68627988382309
82.4,85.10465779611555,85.29226570104507
82.2,81.46951239370844,81.58064453631415
79.7,82.22038468608997,82.37545838992294
77.5,79.09577973494079,78.94206429276002
75.4,76.97958209686851,77.0914748576411
72.6,74.89725567463708,74.92081886328954
69.8,72.08604114921374,71.94253080027384
70.2,69.33592496676597,69.19303836549827
66.8,70.70404054604214,70.48526408090824
72.2,66.24772014179982,65.75599451366921
93.4,74.2451673713293,74.02553459778575
96.5,99.73204279949479,98.88862923539868
97.1,97.14992389109995,95.82332067069893
96.4,96.99071209749356,97.46167292080379
95.2,95.84479610345419,96.09923665450461
94.4,94.54403349999818,94.94525353402051
94.1,93.91445565557667,94.24553408698506
92.9,93.67616240983816,94.05877137108092
91.3,92.4274210411788,92.57172944943653
90.6,90.81049191529627,90.93972934009848
89.1,90.17473382385683,90.50375742765144
87.4,88.6034968320342,88.70232688247825
88.6,86.7184365683177,87.03106133496728
89.7,89.08420238499448,89.04446762512795
88.8,89.90895532049743,89.8857070160533
86.5,88.38790405426995,88.49242798984757
85.6,86.05103522932461,85.9355612767899
87.5,85.37694979891319,85.50493820625128
88.7,88.01117122104176,88.0651848585378
86.7,89.13208968669781,88.87983799150943
91.7,86.11478087788078,86.08246954017818
91.7,93.09685916339424,93.29140091209933
91.7,91.5099870735038,91.24916900208301
91.9,91.38833181916368,91.82771677277394
91.1,91.81930292749908,91.92047725322716
90.2,90.60866691644688,90.86756543493955
91.0,89.77505118076719,90.01088411542277
91.1,91.23944880170474,91.28020852439455
89.2,91.1101069629038,91.04894838361078
87.5,88.31105226063838,88.67620788794154
88.2,87.19956015010494,87.1667898253376
87.9,88.70181031843117,88.49270007988532
88.1,87.68954562887869,87.73209286456442
86.1,88.16067388137098,88.20422511370211
87.0,85.60395949378645,85.50389005646547
87.2,87.27310035920179,87.42383583778863
86.0,87.26241199385687,87.136589118837
86.3,85.65916496239514,85.67801350195852
84.7,86.34440564056712,86.47620374066081
84.0,84.34827626602112,84.19681585650868
87.4,83.80857435763384,83.94424366083928
93.2,88.40808275698313,88.37898780068349
95.7,94.77908655562048,94.5657537357577
95.5,96.16473623601789,96.0213227862974
96.2,95.13648949563098,95.35231347412433
95.0,96.02712983952526,96.44014273177535
94.8,94.48949828338199,94.59201922031532
95.2,94.54081824549418,94.85891927152983
96.5,95.08259101026121,95.2966254097364
97.3,96.68452146740906,96.84090628154838
97.7,97.39230949923632,97.43005753462458
98.4,97.63124000879105,97.77647251558052
98.7,98.41781456469946,98.57664028962927
99.2,98.34430214929198,98.7349468074992
99.4,99.129439520077,99.33174580538794
99.5,99.09825457675404,99.4193358608978
99.6,99.24989339273506,99.52285149772824
99.7,99.24259900345372,99.62185554626903
99.7,99.43432284965485,99.60030005476723
99.8,99.29254446992282,99.70462610902902
99.8,99.30814256497351,99.82996411122686
99.8,99.49418981813358,99.8
99.8,99.47196644158184,99.8
99.8,99.68997206750558,99.8
99.7,99.17276398894619,99.8
99.4,99.41933757860498,99.6700358887732
99.5,98.97274593827008,99.31010766631958
99.7,99.25346481239868,99.5299641112268
99.8,99.43047287351169,99.75992822245362
99.9,99.54557241521898,99.8299641112268
100.0,99.48708726921924,99.92996411122682
100.0,99.64918585033595,100.0299641112268
100.0,99.74645103633681,100.0
99.8,99.6426038545408,100.0
99.4,99.2711264802474,99.74007177754638
98.3,98.89567261339886,99.28014355509276
97.6,97.85261710545821,97.97039477650509
96.4,97.08097068179059,97.39025122141233
95.9,95.71501371354218,96.0404306652783
94.9,95.62335025595239,95.75017944386596
93.5,94.58908780751344,94.6003588877319
93.5,92.70302784829329,93.08050244282467
92.9,93.29842538557509,93.5
90.1,92.39352293567258,92.72021533263914
90.6,89.06627694506365,89.26100488564931
92.1,90.61042710230669,90.74982055613404
91.3,92.27542301500583,92.54946166840215
89.7,90.97207138413323,91.06028711018551
86.5,88.9961239787138,89.22057422037105
87.1,85.43966410369733,85.54114844074208
86.6,87.1939336152629,87.27978466736086
85.4,86.33069012731953,86.45017944386595
82.4,84.9483713316968,85.0404306652783
81.1,81.64342688792692,81.5010766631957
79.7,80.64808029699967,80.71046655405146
80.3,79.78010141507511,79.28050244282467
79.3,81.68245168498068,80.47978466736086
77.2,79.02503390256626,79.00035888773189
76.9,76.81284746297104,76.570753664237
74.7,77.04625018745283,76.81010766631958
72.9,74.31820747243117,74.04078955301019
74.7,72.71682435781118,72.36064599791743
74.1,75.59366635141527,75.23935400208258
72.0,74.21998664254586,73.92021533263913
70.6,71.69653196911469,71.37075366423699
69.9,70.59880143845093,70.18050244282466
70.1,70.08723925322815,69.69025122141234
69.7,70.55198779630574,70.15992822245362
68.9,70.14242357281204,69.58014355509276
67.8,69.1736014348086,68.66028711018552
67.6,67.91925848391774,67.47039477650509
65.6,67.96023688945073,67.54007177754637
67.0,65.53693956497045,65.0007177754638
66.9,68.08258449060504,67.41949755717533
66.0,67.44721139461575,66.8700358887732
66.8,66.15919505576562,65.73032299895871
77.3,67.88767504962625,67.03971288981448
80.5,80.71683643117082,80.44623167881502
86.2,81.66750555788649,81.45885155925792
87.4,87.99953929622006,87.90795433992817
83.4,87.71629017206463,87.75956933472173
82.8,82.24071852136278,82.20143555092761
79.8,82.79053904231806,82.62021533263913
79.0,79.06052099600753,78.9010766631957
82.8,78.86512401007475,78.76028711018552
85.0,84.03649677894671,83.93863622661878
88.0,85.78077755186087,85.65921044698982
83.7,88.84968124117833,88.8989233368043
82.9,82.48385333313499,82.41154321724717
82.8,82.65131274614639,82.66028711018552
83.9,82.95355491619316,82.77003588877318
85.1,84.31486102822218,84.22960522349491
85.7,85.44976224395029,85.4595693347217
85.2,85.95014270616088,85.87978466736087
84.4,85.00343010694716,85.05017944386596
85.2,84.20180374936427,84.16028711018552
86.8,85.6823800241924,85.43971288981449
89.2,87.54914967635294,87.27942577962895
89.2,89.92417328979496,89.91913866944344
90.5,89.10099415589835,89.2
89.5,90.85790913350895,90.88953344594853
88.7,89.06574826719569,89.2003588877319
88.4,88.42023745951354,88.46028711018552
88.9,88.30084747409998,88.31010766631958
89.3,89.07390694885531,89.04982055613405
89.5,89.38957432185121,89.41985644490724
89.7,89.50619776791869,89.55992822245362
90.2,89.72532325929262,89.75992822245362
91.3,90.27819442517266,90.34982055613405
92.0,91.56358003236828,91.6296052234949
93.7,92.09030971469952,92.20974877858767
93.0,94.0589910035187,94.20938989085577
92.8,92.63648285008415,92.79025122141233
92.0,92.60152700447324,92.74007177754638
92.0,91.62833270841391,91.76028711018552
91.9,91.88745587185069,92.0
92.7,91.7585568446372,91.8700358887732
93.4,92.80397915048752,92.93971288981449
93.0,93.45539270220695,93.60974877858767
92.7,92.71604264446432,92.88014355509276
93.3,92.47717708123497,92.61010766631958
93.0,93.30882757256646,93.47978466736086
94.4,92.76904004669296,92.91010766631958
95.0,94.6500438960294,94.81949755717534
95.0,94.98341835736943,95.17978466736086
94.6,94.79792755135635,95.0
94.5,94.2940926301459,94.48014355509275
94.6,94.28051733887874,94.4700358887732
95.5,94.43418780468647,94.6299641112268
95.7,95.55090297187513,95.76967700104129
94.1,95.52849095696709,95.75992822245362
93.0,93.37925291538643,93.62057422037103
92.8,92.48126475937684,92.67039477650509
93.1,92.54091149891585,92.74007177754638
91.1,93.03278925254817,93.18989233368042
90.1,90.33070982214134,90.5007177754638
89.5,89.64617316565791,89.80035888773189
88.9,89.28600176175001,89.32021533263914
89.0,88.63862576017473,88.72021533263916
87.8,88.85047171333765,89.0299641112268
87.3,87.48666046062307,87.44043066527827
87.0,87.21334082341154,87.15017944386595
86.6,86.85178608428267,86.91010766631958
85.9,86.41605981357833,86.48014355509275
84.5,85.5775272693834,85.69025122141234
83.1,84.2213579730588,84.08050244282465
82.5,82.73930095243789,82.68050244282466
81.6,82.38389454031964,82.32021533263914
80.6,81.3298275665749,81.3303229989587
79.9,80.43293147109961,80.30035888773189
78.7,79.82271672032121,79.69025122141234
77.3,78.57952932518535,78.34043066527828
74.2,77.00140132632042,76.88050244282466
74.1,73.49189583601296,73.2711125519689
69.4,74.41986171070266,74.07003588877318
69.0,68.30185216272852,67.99168677233995
67.8,69.285707505415,68.88014355509276
68.1,68.05312575722199,67.44043066527827
68.1,68.62157141633142,68.18989233368042
66.8,68.49055324240528,68.1
66.6,66.8854843851671,66.41046655405147
66.2,67.05068034557951,66.54007177754637
65.9,66.63785768710417,66.08014355509276
65.3,66.33073107152968,65.81010766631958
64.5,65.63387391727852,65.12021533263913
63.9,64.78702807493403,64.26028711018552
63.2,64.321007511944,63.720215332639135
61.8,63.50053793197404,62.990251221412336
61.8,62.12662854529246,61.38050244282466
61.1,62.41669027744115,61.8
63.0,61.50612027469861,60.890251221412335
64.1,64.26607082826452,63.569318113309386
63.3,65.55704442509172,64.4296052234949
66.3,63.681174962828926,63.06028711018551
65.2,68.02236826863428,67.1989233368043
66.2,65.41691293638283,64.8703947765051
70.2,66.8382821704719,66.49964111226811
74.0,71.91282177986241,71.3985644490724
75.3,75.3591589828278,75.13863622661877
75.4,76.01038232260913,75.68953344594853
76.3,75.95104118286905,75.42996411122682
77.6,76.91465792516271,76.56967700104128
77.8,78.36938178070022,77.98953344594852
80.8,77.8329879124505,77.85992822245362
85.3,81.9098463662477,81.6989233368043
83.1,86.7352518526401,86.64838500520645
82.2,82.575073291384,82.44078955301018
80.9,82.09105283963842,81.93032299895872
82.9,80.67471077890906,80.51046655405148
81.8,83.5829670212806,83.4992822245362
79.5,81.56640333170466,81.47039477650509
78.5,79.04470373064328,78.81082544178336
78.9,78.47834412083763,78.20035888773191
77.1,79.32682251965605,79.01985644490725
75.9,76.77200139422413,76.5606459979174
74.8,75.90229426150522,75.5404306652783
75.2,74.71611573647434,74.47039477650509
73.5,75.61981219417137,75.31985644490724
74.4,73.33792133462981,72.99061010914423
74.3,75.04679778185204,74.6696770010413
74.6,74.62183462253996,74.27003588877318
75.6,75.03066215059286,74.68989233368042
81.5,76.22344302013143,75.8996411122681
83.8,83.48662712260884,83.26788256238179
86.0,84.64524833926595,84.48917455821663
87.8,86.72361822132191,86.65921044698982
87.2,88.41413949157656,88.33935400208257
89.5,86.94956756678613,87.02021533263914
86.8,90.1449246631827,90.18917455821664
86.7,85.9383732926471,85.99096899687612
91.2,86.69321560574984,86.6700358887732
94.1,92.46795531573005,92.54838500520646
92.7,94.84625151059501,94.96895922557748
90.8,92.14224725283498,92.28050244282467
89.4,90.08389703377588,90.2306818866906
89.4,88.89917432254605,88.98050244282467
88.4,89.3747777094301,89.4
87.3,88.03383542232541,88.1003588877319
87.6,87.03618254568433,86.97039477650509
87.8,87.69077007931148,87.68989233368042
87.6,87.8368122426961,87.85992822245362
86.5,87.50769095536972,87.54007177754637
85.7,86.18200330547552,86.17039477650509
84.4,85.5020956297896,85.46028711018552
84.3,84.12319483845056,84.01046655405148
85.4,84.34646824956107,84.27003588877318
90.3,85.70199981790587,85.72960522349491
95.4,91.6946315974756,91.76824145011368
96.0,96.75501409565304,96.92816967256732
95.6,95.96638538426923,96.17978466736086
91.1,95.13673833338905,95.48014355509275
88.2,89.58741341787604,89.75161499479354
85.0,87.26308019265113,87.33104077442252
82.1,84.04477179816105,84.04114844074208
78.4,81.35557842886291,81.23104077442251
78.5,77.43452064462292,77.29132788460804
73.9,78.7474868326832,78.5299641112268
75.0,72.82413556240581,72.52165088356675
72.2,75.64677365637613,75.32960522349491
70.0,71.70819220319555,71.36100488564932
68.0,69.72266086292089,69.34078955301018
66.1,67.83614255399885,67.4007177754638
64.0,66.06543170286923,65.5306818866906
63.1,63.931837133028026,63.37075366423699
62.9,63.42850363888345,62.830322998958714
62.9,63.459881128940516,62.84007177754638
63.0,63.49003877212134,62.9
63.7,63.609757351562195,63.02996411122681
64.5,64.39441952823367,63.90974877858767
63.5,65.38504716058615,64.73971288981448
64.5,63.558438028139136,63.200358887731895
61.9,65.45140402991993,64.79964111226809
61.1,61.69752761997758,61.120933108102946
60.9,61.55489554585664,60.860287110185524
59.4,61.51473932869389,60.84007177754638
63.0,59.59302916936041,58.95053833159785
58.8,64.74002743375183,64.07870800416515
60.6,58.222935771121186,57.541507328473976
60.1,61.826983251111514,61.139354002082584
70.5,60.61698574895889,59.950179443865956
77.3,74.0845198555565,73.61626756758824
76.0,79.60508180243865,79.33755956342307
71.0,75.83461592106447,75.61046655405147
70.9,69.8004887199659,69.5017944386595
72.4,71.28463416828005,70.8700358887732
71.4,73.18372393886821,72.84946166840216
71.1,71.59097826303285,71.1003588877319
61.8,71.42619587913639,71.01010766631956
57.7,59.496832633994664,59.013337655906675
56.0,57.36829889029875,56.47147143970079
58.6,56.163431143246136,55.49061010914423
62.4,60.208472197518134,59.37906689189706
68.9,64.41207028019613,63.53863622661877
65.7,71.49897149120063,70.84766722974265
64.4,65.28571976594523,64.74114844074208
66.0,64.57647462949912,64.01046655405148
69.9,67.07680738317703,66.47942577962895
67.7,71.59689106169401,71.0686003378456
66.0,67.51210966677903,67.04078955301019
68.3,66.2004349537339,65.49061010914423
67.9,69.69182018753806,68.98917455821663
71.1,68.09749463622911,67.78014355509276
74.7,72.49240663172532,72.05885155925792
74.3,76.07442629789205,75.77870800416515
73.3,74.63594352910702,74.18014355509276
80.8,73.26495355487964,73.00035888773189
82.5,83.16280759800529,83.04730834201077
85.2,83.11241340862885,83.00938989085576
82.4,86.09843905191757,86.00903100312388
83.1,81.54040642273793,81.56100488564933
82.8,83.37089829712903,83.30974877858766
81.2,82.7589624406892,82.71010766631957
80.5,80.8866704916677,80.72057422037105
80.5,80.34404887337172,80.29025122141233
79.9,80.72894469798474,80.5
76.2,79.86421565365,79.72021533263914
76.8,75.34897168709006,75.09132788460803
75.5,77.28776286154584,76.97978466736086
78.2,75.6888338975355,75.11046655405147
81.5,79.28255981335778,79.00903100312387
83.7,82.73317952437523,82.48881567048473
86.6,84.52008592170814,84.35921044698982
88.4,87.43492190312507,87.46895922557748
90.8,89.04795571697046,88.9393540020826
90.1,91.253625208052,91.51913866944344
87.7,89.83706257989557,89.89025122141233
87.3,87.17830778046537,86.98086133055656
87.6,87.2517082293909,87.18014355509276
88.6,87.55785313363153,87.68989233368042
86.2,88.78900566456805,88.8996411122681
85.3,85.4426066777785,85.48086133055656
83.6,85.09182123041437,85.03032299895871
85.4,83.11311521424119,83.09061010914422
88.2,85.9544564493028,85.9393540020826
92.2,89.05540998293463,89.03899511435068
91.2,93.29207128489779,93.3985644490724
90.0,90.76171543587496,90.9003588877319
88.5,89.49165774991211,89.64043066527829
86.4,87.96799591287349,88.05053833159785
90.0,85.70725669186012,85.77075366423699
86.3,91.03222360793058,91.07870800416516
85.0,85.2322531259078,85.19132788460803
83.0,84.89499921186041,84.61046655405147
83.5,82.68625413463609,82.4007177754638
87.1,83.70471465938266,83.64982055613405
87.8,88.18196733262704,88.17870800416516
87.1,87.77488853531827,88.00974877858765
85.9,86.80401141024811,86.89025122141233
87.0,85.43603062027326,85.5404306652783
88.6,87.23110648306363,87.32960522349491
90.3,88.88778652065959,89.07942577962895
90.3,90.78656382872052,90.80938989085577
89.1,89.94843360690362,90.3
87.7,88.78558826950687,88.74043066527827
87.2,87.0626116022719,87.28050244282467
86.5,86.945780323971,87.05017944386596
86.2,86.20243629575424,86.29025122141233
85.5,86.03298095264905,86.11010766631958
82.5,85.2113112398247,85.29025122141233
82.3,81.6504110508089,81.6010766631957
76.4,82.33385984513906,82.24007177754638
76.9,74.83771179172342,74.63211743761822
75.5,77.29785985211808,77.04982055613405
78.0,75.3818942215091,75.08050244282467
79.0,79.01535844269655,78.74910278067024
79.7,79.42051876033683,79.2996411122681
80.2,80.15969672533049,79.90974877858767
78.1,80.34533169257385,80.34982055613405
73.5,77.65927491765129,77.47075366423698
70.7,72.41147451512717,72.12165088356674
70.5,70.16375641047517,69.86100488564932
71.4,71.06350872543996,70.44007177754638
70.0,71.77998241146483,71.6696770010413
72.6,70.15285846113774,69.58050244282467
73.6,73.69504396448993,73.37906689189705
74.0,74.79362314916548,73.89964111226809
73.0,74.64305582435003,74.11985644490724
70.4,72.87606839834432,72.7003588877319
70.5,69.7886298990077,69.62093310810295
71.1,71.03298554836786,70.5299641112268
72.2,71.77145943335911,71.27978466736086
80.8,72.84115634173743,72.52960522349491
83.4,83.58528757954049,83.37691356550565
83.5,83.78146238133917,84.17906689189707
84.6,83.52611584395335,83.5299641112268
86.5,84.92690621998484,84.9296052234949
86.7,87.22421453169262,87.0693181133094
86.3,86.88246211979528,86.75992822245362
87.0,86.43090376970083,86.18014355509276
87.6,86.90275525481856,87.20974877858767
92.7,87.71731675990492,87.77978466736086
97.6,94.18708342721719,94.22816967256732
98.8,98.96712942171612,99.06824145011367
99.0,98.63784754502215,99.15956933472172
99.2,98.65159466614632,99.05992822245362
99.3,99.038482174104,99.25992822245362
99.2,98.89778163778523,99.3299641112268
98.1,98.9942181397586,99.1700358887732
95.3,97.57391901857757,97.77039477650509
94.1,94.11456159930562,94.46100488564932
96.4,93.46295982928535,93.74043066527827
96.5,97.2502666543516,97.08917455821664
95.8,96.23385342127047,96.5299641112268
97.0,95.4530447800285,95.59025122141233
97.4,96.8972426029834,97.35956933472173
97.1,97.32012025333363,97.51985644490725
96.6,96.6993468469392,97.01010766631956
96.6,96.09873591174673,96.45017944386595
98.1,96.31506324900649,96.6
98.3,98.26498352449968,98.54946166840215
98.5,98.00696018522349,98.35992822245362
98.4,98.05056361606778,98.55992822245362
98.5,98.13330710610079,98.3700358887732
98.6,98.11969900232036,98.5299641112268
98.9,98.44589378222908,98.6299641112268
99.1,98.78367786457305,98.98989233368044
98.8,98.88087896349042,99.15992822245362
98.8,98.4943808087734,98.71010766631957
98.9,98.52736191765794,98.8
99.0,98.69733440769812,98.92996411122682
98.5,98.63990195407324,99.0299641112268
98.4,97.91641285489986,98.35017944386595
98.7,98.06252321285307,98.3700358887732
98.4,98.4895756168695,98.78989233368043
99.1,98.04997290573836,98.31010766631958
99.3,98.84544558518893,99.30974877858766
98.7,99.01637935257601,99.35992822245362
98.4,98.1145639149201,98.52021533263914
99.4,98.11625215328651,98.31010766631958
99.5,99.48707889819957,99.69964111226811
98.7,99.35520806820446,99.5299641112268
98.2,98.02103980458453,98.46028711018552
98.1,97.69778471967268,98.05017944386596
98.2,97.71137804774648,98.07003588877318
98.0,97.83953905012505,98.22996411122682
97.6,97.86469100299234,97.94007177754638
98.7,96.93342200130564,97.48014355509275
97.3,98.70491207859016,99.02960522349491
97.3,96.48482393098827,96.88050244282466
98.5,97.0599938252171,97.3
96.9,98.734276085583,98.85956933472173
95.3,96.11467757201676,96.42057422037105
97.1,94.54248287865026,94.82057422037103
97.5,97.32801316231713,97.63935400208257
97.7,97.41764058887242,97.61985644490724
95.4,97.54026568206328,97.75992822245362
94.6,94.53543536280489,94.71082544178337
94.6,94.11774842145229,94.36028711018551
95.1,94.34472879798818,94.6
93.5,94.97244322682388,95.24982055613404
90.6,92.83456261135859,93.02057422037105
85.1,89.58202287922815,89.73104077442251
81.6,83.45451701772785,83.45197388252545
81.7,80.63683273770062,80.55125610706165
80.4,81.72625007067727,81.72996411122682
80.4,80.20953857863994,80.01046655405148
82.4,80.2591407610097,80.4
83.3,83.24628540984125,82.9992822245362
83.6,83.57773553406712,83.56967700104128
84.5,83.92005010717013,83.68989233368042
85.6,84.84009738842741,84.76967700104129
86.3,85.98751982642614,85.9296052234949
85.7,86.53267100033473,86.50974877858766
86.7,85.42708780730008,85.52021533263914
89.0,86.79054647587151,86.99964111226811
89.2,89.55864927246783,89.68917455821662
90.7,89.21585614570412,89.25992822245362
93.0,91.07533407265745,91.14946166840215
92.5,93.44649478538553,93.68917455821662
91.1,92.3232704177092,92.35017944386595
88.9,90.5488523866749,90.68050244282465
85.3,88.1250843335612,88.24078955301019
83.2,84.14657422218585,84.22129199583483
82.1,82.52090129234072,82.570753664237
80.0,81.92827522893509,81.77039477650509
78.0,79.54311951700052,79.37075366423699
81.1,77.64740433444686,77.4007177754638
81.0,82.63411965566526,82.0288874480311
79.5,81.11818104031272,80.9700358887732
79.0,79.22281409712339,79.05053833159785
79.1,79.1163576296367,78.85017944386595
79.7,79.42491344737512,79.1299641112268
79.6,80.05086658213405,79.87978466736087
80.6,79.73500978143048,79.57003588877318
82.7,81.10779324534975,80.8996411122681
83.7,83.49624332292063,83.32924633576302
84.8,84.35871332859267,83.99964111226811
87.9,85.37606891027752,85.1296052234949
90.4,88.81697024275829,88.82888744803111
91.6,91.09264978402739,91.14910278067026
91.5,91.86986059435074,91.9595693347217
91.6,91.35714248516584,91.4700358887732
88.6,91.51815928799789,91.6299641112268
89.8,87.5816168357275,87.70107666319569
89.3,89.96840670477094,90.15956933472172
88.7,89.0789960383707,89.15017944386595
90.5,88.62165646752179,88.52021533263914
91.3,90.9152355995774,91.03935400208258
90.5,91.40257118729372,91.53971288981448
90.5,90.23724760800695,90.26028711018552
91.4,90.42789568624616,90.5
92.2,91.54202042217683,91.6696770010413
93.6,92.29596885653915,92.43971288981449
93.7,93.87465939788981,94.01949755717533
93.3,93.64014444317826,93.72996411122682
93.3,93.00391047228344,93.18014355509276
91.4,93.15142362227786,93.3
90.4,90.71047622129537,90.83068188669061
